feature	positive_signature	negative_signature
0	PA5559;PA4741;PA4246;PA1583;PA4259;PA5316;PA4251;PA4944;PA5560;PA4464;PA4268;PA4250;PA4238;PA3745;PA2742;PA5332;PA3637;PA4260;PA4433;PA1581;PA4257;PA2638;PA4761;PA5570;PA1580;PA4272;PA5304;PA3656;PA5337;PA4263;PA4274;PA4254;PA3001;PA4267;PA4751;PA4264;PA4262;PA5558;PA5013;PA4242;PA4239;PA4245;PA4243;PA0432;PA0579;PA4241;PA4563;PA3351;PA1582;PA1000;PA4253;PA4255;PA4271;PA4244;PA2623;PA4942;PA4273;PA4247;PA3814;PA4248;PA4385;PA1588;PA2634;PA3162;PA4568;PA4258;PA4671;PA4252;PA4249;PA1010;PA5554;PA5555;PA2741	PA4351
1	PA4051;PA4193;PA4192;PA1224;PA2018;PA2232;PA2019;PA4195	PA3476;PA1095;PA3486;PA1094;PA0604;PA4500;PA4504;PA0605;PA1249;PA1092;PA0603;PA1086;PA1087
2	PA4443;PA4193;PA3446;PA2413;PA3931;PA2408;PA2512;PA4442;PA1856;PA2513;PA2390;PA0281;PA2389;PA4192;PA0280;PA2531;PA2412;PA0283;PA4708;PA2514;PA4470;PA4194;PA0282;PA2204;PA4230;PA2407;PA2409	
3	PA2217;PA1165;PA5242;PA5422;PA5228;PA0357;PA3498;PA3814	PA4694;PA1437;PA3438;PA0425;PA0967;PA3777;PA4232;PA3028;PA3314
4		PA4088;PA4038;PA4089;PA3914;PA3375;PA1146;PA3589;PA3449;PA5541;PA0844;PA0325;PA0324;PA4859;PA3590;PA5354;PA3877;PA3876;PA0222;PA3379
5	PA1950;PA3568;PA5242;PA3600;PA5045;PA2018;PA1927;PA3337;PA1984;PA2508;PA4290;PA4811;PA3333	PA2008;PA3914;PA4431;PA4257;PA5522;PA2009;PA3005;PA4696;PA5313;PA0896;PA5554;PA5556;PA0009;PA5304;PA3875;PA2776
6	PA0203;PA3498;PA0324;PA0204;PA3513	PA4260;PA4264;PA3666;PA5555;PA4934;PA4567;PA4563;PA5192;PA3742;PA4249;PA3763;PA3361;PA4238;PA1457;PA1102;PA1081;PA4429;PA1464;PA2742
7	PA1719;PA2160;PA3584;PA1701;PA1691;PA1698;PA1722;PA1695;PA1690;PA1697;PA1725;PA1723;PA1724;PA1694;PA0500;PA1716;PA1692;PA1717;PA1696;PA1693;PA1703	PA0083;PA2685;PA3187;PA3560;PA0084;PA0085
8	PA2366;PA0106;PA0325;PA0685;PA2446;PA4351;PA5415;PA2445;PA1984;PA4375;PA2442;PA2444;PA0347;PA2443;PA0108;PA0550;PA0107	PA3476;PA5084;PA0851;PA3131;PA0604;PA3513;PA1602;PA1656;PA3582
9		PA3151;PA3159;PA1095;PA3514;PA3156;PA3148;PA1094;PA4503;PA3152;PA2105;PA1092;PA2739;PA0958;PA3155;PA1086;PA3498;PA2104;PA3158
10	PA5372;PA3562;PA3584;PA1421;PA1946;PA3561;PA3579;PA4645;PA3560;PA5373;PA1602;PA0266;PA3582;PA2253;PA4211;PA4435;PA5508	PA4225;PA4193;PA2553;PA3187;PA2248;PA2446;PA0782;PA1984;PA0036;PA2008;PA1557;PA2009;PA4502;PA4226;PA4504;PA1072;PA2445;PA4228;PA2442;PA2007;PA3570;PA5098;PA2247;PA2250;PA2444;PA0865;PA2321;PA3320;PA4230;PA4973;PA4224;PA2000;PA1999;PA1073;PA3569
11	PA0083;PA4230;PA5171;PA0084;PA1602;PA4226;PA3877;PA4228;PA1692	PA4443;PA2203;PA4193;PA3442;PA1756;PA2599;PA3446;PA2446;PA3935;PA3931;PA2594;PA3447;PA2310;PA3938;PA4442;PA3443;PA2309;PA2445;PA0281;PA2086;PA2600;PA2083;PA3937;PA2062;PA2308;PA4192;PA1838;PA0280;PA0283;PA3444;PA2444;PA2598;PA5103;PA3448;PA3936;PA4194;PA2084;PA0186;PA4195;PA0282;PA2204;PA4973;PA3517;PA3445;PA2202;PA3449
12	PA5415;PA3531;PA2444	PA4225;PA4706;PA4230;PA4513;PA4224;PA4470;PA4202;PA4226;PA4707;PA4158;PA1319;PA4228;PA1320;PA4231;PA1318;PA4708;PA4687;PA5217;PA3333;PA4688
13	PA0024;PA0523;PA0524;PA1856;PA2413;PA3392;PA3600;PA2412;PA2691;PA0518;PA2408;PA3877;PA2407;PA2409;PA4470;PA0519;PA3814	PA1701;PA3568;PA1976;PA2001;PA2000;PA0887;PA4290;PA2444;PA1696;PA3366
14	PA0872;PA3187;PA2323;PA0678;PA1999;PA2444;PA0865;PA2321	PA4912;PA4911;PA1694;PA3236;PA1717;PA5137;PA1690;PA1697;PA4909;PA1725;PA4913;PA1696;PA5417;PA1693;PA1719;PA1701;PA1695;PA1723;PA1703;PA1691;PA1722;PA1698;PA5420;PA5421;PA1724;PA1716;PA1692
15	PA0997;PA2592;PA4211;PA0998;PA1902;PA4778;PA2195;PA4209;PA4217;PA1002;PA1657;PA2193;PA3477;PA1904;PA2587;PA1003;PA0996;PA1432;PA3724;PA1000;PA1656;PA3333;PA3479;PA0999;PA3476;PA2194;PA1901;PA1658;PA1001;PA4133;PA1903;PA3475;PA1905;PA0143	PA2536;PA3569;PA4064;PA1024
16	PA4786;PA4901;PA1092;PA5106	PA3013;PA4741;PA4246;PA1583;PA4259;PA5316;PA4740;PA5560;PA3832;PA5315;PA3637;PA4217;PA1581;PA4433;PA1179;PA4432;PA4257;PA2970;PA4256;PA5570;PA1580;PA4272;PA1552;PA4748;PA3822;PA1584;PA4274;PA3527;PA5013;PA4267;PA4242;PA4262;PA3636;PA4239;PA0546;PA4245;PA4243;PA3686;PA0432;PA0579;PA5051;PA5557;PA4483;PA4241;PA1582;PA4696;PA1553;PA4255;PA4449;PA4271;PA4450;PA4244;PA3480;PA4942;PA4273;PA4247;PA5568;PA3814;PA0963;PA3167;PA2634;PA4671;PA1156;PA4252;PA3742;PA4670;PA4430;PA4240;PA4747;PA4261;PA4211;PA4429;PA5555;PA5215
17	PA2652;PA1657;PA1719;PA1078;PA4307;PA4310;PA5436;PA3187;PA1083;PA1080;PA4309;PA1101;PA1092;PA1077;PA1081;PA1082;PA3526;PA1079	PA3459;PA2317;PA4774;PA3547;PA3540;PA2020;PA3558;PA4880;PA2018;PA3569;PA2022;PA3541;PA2815;PA3570;PA3551;PA2569;PA2019;PA4777;PA3545;PA4110
18	PA4376;PA2574;PA0589;PA4211	PA5559;PA1586;PA3013;PA0427;PA5371;PA4237;PA4687;PA3356;PA4053;PA4260;PA4433;PA3151;PA3514;PA5570;PA5337;PA3155;PA3159;PA4244;PA5063;PA4971;PA3158;PA1587;PA3742;PA4252;PA3505;PA3152;PA4240;PA5259
19	PA4973;PA0747;PA4192;PA3446;PA3187;PA1838;PA3512;PA1326;PA3513;PA3569;PA1341;PA2012;PA1337;PA1342;PA3498;PA4442	PA4092;PA3584;PA3719;PA5500;PA3601;PA5541;PA3600;PA4065;PA1923;PA3582;PA4064;PA5539;PA1320;PA5538
20	PA3914;PA5523;PA4741;PA5570;PA5522;PA3600;PA3382;PA2570;PA3361;PA3877;PA1931;PA4452;PA5049;PA4810;PA3875	PA5075;PA5119;PA0065
21	PA2947;PA2948;PA3181;PA4771;PA4973;PA3187;PA1317;PA2382;PA0035;PA2272;PA3182;PA3195;PA2105;PA2321;PA3183	PA3553;PA4941;PA1092;PA3582;PA4810;PA3366;PA3559;PA5508;PA3562;PA1095;PA3584;PA1179;PA3552;PA4774;PA3557;PA3561;PA3579;PA3556;PA4773;PA4811;PA5445;PA1180;PA4777;PA3554;PA3555;PA1094;PA0849;PA4776;PA2253;PA4942;PA1421;PA3560;PA3558;PA4454;PA4812;PA1086
22	PA1586;PA4329;PA3876;PA1809;PA1587;PA0085;PA2018;PA5373;PA4412;PA0597;PA3820;PA4389;PA3874	PA1874;PA1871;PA4208;PA4211;PA1901;PA3724;PA1317;PA3568;PA4205;PA3721;PA2566;PA4206;PA2570;PA3361;PA1217;PA1903;PA1905;PA3195;PA3478;PA3479;PA4207
23	PA5141;PA5304;PA1277;PA5508	PA2367;PA3417;PA1902;PA3416;PA1249;PA2815;PA0105;PA1092;PA0175;PA1930;PA2366;PA1174;PA3392;PA3418;PA1173;PA1094;PA2920;PA0177;PA0524;PA2368;PA2365;PA5355
24	PA0482;PA2592;PA1871;PA2247;PA2366;PA2634;PA1421;PA1317;PA1637;PA2248;PA1024;PA2541;PA2445;PA1319;PA1320;PA2365;PA2444;PA1318;PA1321;PA1799;PA5508	PA3181;PA4909;PA1001;PA5471;PA3182;PA3183
25	PA0502;PA0504;PA0503	PA1667;PA4225;PA0997;PA2592;PA4211;PA0998;PA1902;PA4130;PA2195;PA1249;PA3582;PA4217;PA1002;PA1657;PA2193;PA1174;PA3477;PA4226;PA3361;PA1904;PA2587;PA3418;PA3478;PA0996;PA3724;PA1000;PA0179;PA1656;PA3333;PA3479;PA3476;PA1669;PA0999;PA0177;PA2194;PA4230;PA1901;PA1659;PA4224;PA1658;PA1001;PA4133;PA1903;PA1905;PA2573;PA1660
26	PA3929;PA3930	PA0510;PA5427;PA0518;PA1049;PA5172;PA0519;PA1657;PA0523;PA2193;PA1557;PA1555;PA4351;PA3877;PA5230;PA1556;PA0024;PA5171;PA1561;PA3337;PA1656;PA3876;PA5497;PA3872;PA0524;PA0836;PA0295;PA5173
27	PA0997;PA0998;PA3600;PA0080;PA5539;PA1002;PA2008;PA4771;PA2193;PA2009;PA2012;PA0958;PA0996;PA0604;PA0084;PA1000;PA2014;PA0603;PA0083;PA0999;PA3476;PA2685;PA5436;PA2013;PA0605;PA1001	PA4613;PA1260;PA3187;PA2812;PA3194;PA0849;PA1249;PA2813;PA2811;PA3182;PA5445;PA2321
28	PA5378;PA3438;PA1514;PA5070;PA4524;PA3088;PA2608;PA1807;PA0927;PA2607	PA5353;PA3568;PA4073;PA4153;PA4148;PA4911;PA3382;PA2445;PA4152;PA5100;PA2444;PA1410;PA5098
29	PA1667;PA0997;PA2592;PA1661;PA1871;PA4211;PA1666;PA0998;PA1902;PA4130;PA2195;PA1249;PA1217;PA1662;PA4209;PA4217;PA1002;PA1657;PA2193;PA3477;PA3361;PA1904;PA3478;PA0996;PA3724;PA1000;PA1656;PA0865;PA3333;PA3479;PA0999;PA3476;PA4230;PA2194;PA1130;PA1901;PA1658;PA1668;PA1001;PA4133;PA1903;PA1905;PA1660	PA4918;PA5100
30	PA5559;PA4246;PA4007;PA1583;PA4259;PA5069;PA3043;PA4941;PA4268;PA1092;PA3103;PA4433;PA4257;PA3807;PA4274;PA4242;PA3001;PA4267;PA4751;PA4262;PA4264;PA5489;PA5558;PA4232;PA1585;PA5013;PA4239;PA4694;PA0579;PA5067;PA1582;PA4271;PA2623;PA4273;PA5556;PA4247;PA3814;PA4248;PA4385;PA1588;PA4568;PA3162;PA0336;PA5068;PA5066;PA4249;PA4240;PA4261;PA2976;PA4241;PA4937;PA4935	PA0954
31	PA4329;PA5304;PA4729;PA4774;PA5147	PA1874;PA1667;PA2592;PA4208;PA1661;PA1871;PA3187;PA4211;PA0998;PA1902;PA1670;PA4130;PA2195;PA2570;PA1217;PA1662;PA4209;PA4217;PA0132;PA1657;PA2193;PA3361;PA1904;PA3478;PA3724;PA1000;PA2412;PA1656;PA3333;PA4205;PA3479;PA1130;PA1901;PA1659;PA2566;PA4206;PA1658;PA0263;PA4133;PA1903;PA1905;PA1660;PA4207
32	PA0524;PA4867;PA0523;PA1557;PA5436;PA0518;PA4242;PA0519;PA4977	PA3151;PA3159;PA2981;PA5154;PA1421;PA3148;PA0968;PA2843;PA3152;PA3236;PA1003;PA3158
33	PA2812;PA2811;PA2813	PA3476;PA2512;PA3445;PA4192;PA3937;PA3446;PA3449;PA3443;PA2513;PA2514;PA2508;PA5471;PA0958;PA3444;PA3936;PA3938;PA3479
34	PA3131;PA3601;PA0336;PA2442;PA2962	PA3097;PA3300;PA2888;PA3310;PA0773;PA5045;PA4960;PA0263;PA0424;PA4759;PA5429;PA2908;PA2968;PA4846;PA2512;PA4676;PA1770
35	PA3554;PA3555;PA4189;PA3552;PA2317;PA3553;PA3557;PA3558;PA4073;PA0293;PA1024;PA3556;PA4776;PA4188;PA4777;PA4773;PA3559	PA3187;PA4125;PA4180;PA1092;PA4138;PA4128;PA4148;PA4123;PA4152;PA1696;PA4121;PA1693;PA1719;PA4163;PA4122;PA1430;PA4158;PA4127;PA1698;PA4153;PA4133;PA4124
36	PA1317;PA1319;PA2813;PA1318;PA0782	PA1667;PA0997;PA2592;PA1661;PA1871;PA4211;PA1666;PA0998;PA1902;PA4130;PA2195;PA1662;PA5172;PA2512;PA5538;PA4209;PA4217;PA1657;PA2193;PA1555;PA2513;PA3361;PA1904;PA1556;PA3478;PA0996;PA3724;PA1000;PA1656;PA2514;PA3333;PA3479;PA0999;PA3476;PA1130;PA2194;PA1901;PA1659;PA1658;PA1668;PA1001;PA4133;PA5173;PA1903;PA3475;PA1905;PA1660
37	PA4189;PA0223;PA2740;PA3315;PA3513;PA0010;PA4158;PA2518;PA2579	PA1798;PA2611;PA2584;PA4310;PA5152;PA3751;PA4483;PA5012;PA4626;PA4663;PA4309;PA3618;PA3175;PA5539;PA4284;PA0550
38	PA0510;PA5427;PA4235;PA4236;PA4464;PA0518;PA1049;PA5172;PA0519;PA2193;PA1557;PA1555;PA3877;PA5230;PA1556;PA0024;PA5171;PA1561;PA3337;PA0835;PA5497;PA4431;PA3531;PA0836;PA5495;PA0403;PA0295;PA5173	PA2008;PA4225;PA4230;PA3724;PA1317;PA4470;PA2009;PA2513;PA0849;PA2000;PA4226;PA2514;PA2007;PA3929;PA4228;PA1999;PA2444;PA2512;PA0865;PA4205;PA3930
39		PA3553;PA3446;PA1249;PA3938;PA3559;PA1179;PA3552;PA4774;PA3557;PA5020;PA4226;PA1566;PA3556;PA4228;PA4773;PA1180;PA4777;PA3554;PA3555;PA0130;PA4776;PA3558
40	PA2652;PA4225;PA4310;PA0106;PA0228;PA0226;PA2682;PA1249;PA2512;PA3526;PA1737;PA2513;PA1736;PA4226;PA2509;PA4899;PA4228;PA4435;PA0935;PA2507;PA2247;PA0227;PA3349;PA3348;PA2508;PA2514;PA4231;PA4230;PA4520;PA3568;PA4224;PA2654;PA2296	PA4206;PA4205;PA0844;PA4130;PA1927;PA0678;PA0051;PA2570;PA1501;PA4133;PA3541;PA1923;PA4207;PA3547;PA1253;PA3545;PA5355
41	PA3584;PA1421;PA0265;PA4880;PA4811;PA4812;PA3582;PA0266;PA0494;PA3356	PA3870;PA3600;PA1694;PA2570;PA1070;PA5539;PA1717;PA2232;PA5538;PA1657;PA2003;PA1690;PA1697;PA1725;PA1072;PA1923;PA1696;PA1693;PA2913;PA1719;PA3914;PA1701;PA1695;PA0849;PA1723;PA4064;PA3875;PA1703;PA1691;PA1698;PA1722;PA4973;PA3601;PA5541;PA1724;PA1779;PA4065;PA1716;PA1692
42	PA0245;PA4568;PA0685;PA2513;PA4953;PA4375;PA5524;PA2514	PA2981;PA3517;PA3148;PA4503;PA3506;PA1927;PA4504;PA1668;PA5173;PA4976;PA3498;PA0996
43	PA3540;PA1317;PA3236;PA1318;PA2444;PA0865;PA3545	PA0510;PA4225;PA3870;PA4443;PA3442;PA3446;PA0998;PA3935;PA3938;PA4774;PA4771;PA1856;PA3443;PA4226;PA0281;PA4228;PA2600;PA2083;PA3182;PA3937;PA3874;PA3914;PA5025;PA3444;PA2598;PA3936;PA3876;PA3875;PA3872;PA2321;PA3183;PA4231;PA4230;PA3445;PA4224;PA3194;PA2263;PA4307
44	PA3896	PA4741;PA1583;PA5316;PA5242;PA0002;PA4944;PA4464;PA4268;PA4238;PA1457;PA3745;PA2742;PA4406;PA1581;PA4433;PA1505;PA4257;PA2638;PA2970;PA5570;PA1580;PA4272;PA1552;PA3656;PA1584;PA5337;PA4274;PA4254;PA5013;PA4242;PA4751;PA4262;PA4239;PA1770;PA4245;PA4243;PA3159;PA3629;PA0579;PA4563;PA0555;PA4255;PA3348;PA4417;PA4425;PA4244;PA4273;PA4247;PA3814;PA1588;PA2634;PA3162;PA4568;PA4258;PA5110;PA4252;PA3742;PA4671;PA4249;PA4240;PA1010;PA4263;PA4241;PA2741
45	PA3151;PA5010;PA2890;PA2368;PA4548;PA2843;PA1668;PA1806;PA4482;PA2962;PA0934	PA2639;PA4867;PA5221;PA4470;PA5298;PA3600;PA0685;PA4454;PA1552;PA5429;PA1320;PA0357;PA0865;PA5508
46	PA0510;PA0025;PA0024;PA0523;PA0524;PA3392;PA3874;PA4811;PA0518;PA1984;PA3875;PA4812;PA4810;PA0519;PA3872	PA0999;PA3476;PA0997;PA4773;PA2634;PA3724;PA0998;PA4502;PA2513;PA2514;PA2682;PA1319;PA2512
47	PA1554;PA0997;PA2592;PA1871;PA0998;PA4130;PA2195;PA1249;PA2193;PA3477;PA4880;PA4226;PA4228;PA2587;PA1003;PA1432;PA0996;PA1770;PA3724;PA1000;PA0854;PA3333;PA3479;PA0999;PA3476;PA4230;PA2194;PA1001;PA4133;PA4211;PA0143	PA3554;PA3555;PA4773;PA3552;PA3553;PA3557;PA3452;PA3568;PA3558;PA2018;PA1024;PA3556;PA4777;PA2019;PA0494;PA3559
48	PA0510;PA5427;PA4235;PA4236;PA4464;PA0518;PA1049;PA5172;PA2512;PA2232;PA0519;PA0523;PA1557;PA1555;PA2513;PA3877;PA5230;PA4811;PA1556;PA3874;PA0025;PA5171;PA1561;PA3337;PA0835;PA2514;PA3876;PA5497;PA3875;PA3872;PA3531;PA0524;PA0836;PA5495;PA0295;PA5173;PA4812	PA1179;PA4230;PA1317;PA1905;PA1902;PA4226;PA1319;PA1904;PA4228;PA1320;PA4211
49	PA1976;PA4208;PA2153;PA2352;PA4207	PA0872;PA1130;PA0878;PA3608;PA1094;PA2513;PA2514;PA0879;PA2605;PA2232;PA3582;PA1320;PA1135;PA2512;PA4470
50	PA2438;PA5498;PA5500;PA3601;PA5541;PA3600;PA1927;PA4065;PA5388;PA1923;PA2912;PA5539;PA5499;PA5501;PA4064;PA5538;PA2913	PA4122;PA4125;PA4123;PA0524;PA3187
51	PA2507;PA1655;PA4230;PA0228;PA2513;PA2509;PA2446;PA2514;PA2508;PA2444;PA2512;PA2011;PA5106	PA3553;PA3187;PA2212;PA3582;PA3195;PA3559;PA1256;PA3584;PA3552;PA4774;PA3182;PA4773;PA3554;PA2165;PA4776;PA4205;PA2321;PA3183;PA3181;PA3558;PA3194;PA3193
52	PA2566;PA3384;PA1813;PA4351;PA2570;PA2022;PA3372;PA0347;PA0108;PA0424	PA4260;PA1576;PA4257;PA4258;PA4256;PA4259;PA3443;PA0920;PA0552;PA4262;PA5075
53	PA0083;PA5523;PA3584;PA4225;PA4230;PA2862;PA2413;PA2412;PA1736;PA4226;PA1423;PA4228;PA3582;PA0958;PA4470;PA1003;PA4231	PA3914;PA0524;PA2649;PA1602;PA0130;PA3877;PA1811;PA2444;PA3876
54	PA2553;PA0106;PA3415;PA4733;PA3417;PA3416;PA1342;PA2232;PA3526;PA5213;PA1179;PA1930;PA1080;PA4309;PA1074;PA1003;PA3349;PA3348;PA3568;PA4290;PA2573;PA0704	PA4443
55	PA3607;PA3609;PA5118;PA3608;PA4646;PA3610	PA0747;PA2553;PA0106;PA4236;PA2248;PA1249;PA2815;PA3582;PA0105;PA5172;PA2008;PA2366;PA0870;PA1174;PA2009;PA3477;PA2007;PA3418;PA1135;PA4751;PA3570;PA5058;PA5171;PA3724;PA0179;PA2623;PA0865;PA1247;PA3479;PA0177;PA2015;PA2013;PA5173;PA2365;PA1562;PA2573
56	PA0510;PA0024;PA0025;PA0524;PA0523;PA1856;PA3392;PA4235;PA0519;PA2691;PA0518;PA3875;PA1092;PA3874;PA3872;PA3814	
57	PA4443;PA5080;PA2105;PA1838;PA3742;PA1959;PA4773;PA5304;PA2104;PA4442	PA0510;PA4130;PA2570;PA0518;PA3236;PA0519;PA3366;PA4217;PA5372;PA0523;PA3392;PA5373;PA3364;PA3877;PA3874;PA5417;PA5379;PA3914;PA5419;PA3876;PA3875;PA3872;PA5416;PA0524;PA5420;PA0504;PA5421;PA3152;PA5155;PA5272;PA5418
58	PA1694;PA1717;PA1690;PA1697;PA1725;PA2445;PA5516;PA2442;PA1696;PA1693;PA1719;PA1701;PA1695;PA1723;PA2444;PA1703;PA1691;PA1722;PA1698;PA4973;PA1724;PA1716;PA1692	PA4225;PA3870;PA5522;PA3600;PA0293;PA4750;PA5538;PA4217;PA5366;PA3392;PA4226;PA4228;PA3877;PA3874;PA4064;PA3875;PA3872;PA4231;PA4230;PA0524;PA4224;PA3601;PA5541
59	PA3151;PA3159;PA4918;PA3156;PA3148;PA2105;PA4503;PA3152;PA0958;PA3155;PA4280;PA4919;PA2104;PA3158	PA0494;PA1000
60	PA0232;PA0228;PA0226;PA0154;PA4415;PA3582;PA4810;PA0244;PA0501;PA1027;PA4761;PA4899;PA3182;PA2019;PA5147;PA5236;PA0227;PA2018;PA4418;PA2321;PA3183;PA3333;PA4385;PA0230;PA4812	PA2584;PA1871;PA3100;PA1976;PA3477;PA1311;PA3296;PA2444;PA0684;PA1982;PA3569;PA2105;PA3570
61	PA3476;PA1179;PA3156;PA3579;PA1180;PA3650;PA1602;PA2512;PA1432;PA5332	PA3187;PA4024;PA2446;PA1984;PA2828;PA0872;PA2008;PA0523;PA0870;PA3392;PA2009;PA1904;PA2445;PA2007;PA2813;PA3527;PA0609;PA5445;PA3874;PA2629;PA2444;PA1341;PA0865;PA3875;PA2862;PA0524;PA2000;PA5415;PA0887;PA1999;PA4290
62	PA2592;PA4211;PA5281;PA1902;PA0896;PA1092;PA5315;PA5172;PA4209;PA4217;PA5378;PA5298;PA1904;PA3877;PA1770;PA4867;PA5171;PA1750;PA3004;PA0865;PA5505;PA4454;PA1903;PA1905	PA2890;PA5353;PA2888;PA5354;PA2889;PA2887;PA5355
63	PA2507;PA4385;PA4918;PA0228;PA0226;PA0227;PA2513;PA2509;PA2514;PA5304;PA2682;PA5429;PA0230;PA2508;PA2512;PA4919	PA4910;PA1657;PA1260;PA4410;PA1514;PA4740;PA1810;PA2014;PA3364;PA1807;PA1806;PA4470;PA3366
64	PA4225;PA4230;PA4687;PA4224;PA0604;PA4351;PA1000;PA4226;PA4228;PA4708;PA4470;PA5217;PA4231	PA5100;PA1179;PA3531;PA2637
65	PA4969;PA3498;PA2813	PA3553;PA3600;PA3935;PA5539;PA5501;PA3938;PA5538;PA3559;PA1179;PA3443;PA5020;PA1923;PA2912;PA5499;PA3937;PA2913;PA3554;PA5500;PA1927;PA3337;PA4064;PA3444;PA3445;PA3558;PA3601;PA5541;PA4065;PA2550
66	PA5154;PA3181;PA3452;PA3187;PA3194;PA1338;PA2009;PA3195;PA3182;PA1341;PA0865;PA1466;PA3333;PA2321;PA3183	PA5096;PA1646;PA3628;PA5377;PA0844;PA3236;PA2512;PA5106;PA5372;PA2003;PA1555;PA2513;PA5100;PA5091;PA1556;PA3874;PA4865;PA5417;PA5098;PA5379;PA3629;PA2507;PA4867;PA5419;PA2508;PA2514;PA3876;PA3875;PA3872;PA5416;PA5093;PA5420;PA4866;PA5421;PA5092;PA5376;PA5418
67	PA4695;PA4443;PA2203;PA2599;PA3442;PA1756;PA3446;PA4193;PA5036;PA5281;PA3935;PA3931;PA2594;PA2310;PA3938;PA4442;PA1179;PA3443;PA0196;PA2309;PA0281;PA2083;PA2600;PA3937;PA2062;PA3554;PA4694;PA4192;PA1493;PA1838;PA0280;PA0283;PA3444;PA2598;PA3936;PA3121;PA3448;PA4194;PA4195;PA5103;PA0282;PA2204;PA3445;PA2202;PA3449;PA3120;PA5035	PA2553;PA2248;PA0782;PA1602;PA5172;PA3545;PA0872;PA2008;PA0523;PA5302;PA0870;PA3540;PA2009;PA2007;PA2445;PA4152;PA5100;PA3570;PA5098;PA2247;PA2014;PA2249;PA2250;PA0865;PA2555;PA3560;PA2000;PA5173;PA1999;PA5304;PA5106
68	PA2584;PA3651;PA3642;PA3187;PA1317;PA1959;PA0421;PA4700;PA1674;PA3821;PA3861;PA2969	PA0997;PA2599;PA3442;PA3446;PA0998;PA3935;PA3931;PA5172;PA3447;PA3938;PA4217;PA3443;PA2600;PA3937;PA0996;PA5025;PA1000;PA0283;PA3444;PA2598;PA0193;PA3448;PA3936;PA2084;PA0999;PA4973;PA3445;PA3449;PA0184;PA1001
69	PA0652;PA5559;PA1583;PA4403;PA4740;PA4251;PA5560;PA5128;PA3471;PA4268;PA1092;PA2744;PA0934;PA1581;PA4257;PA4256;PA3807;PA5570;PA4748;PA3822;PA4242;PA3001;PA4267;PA5013;PA4239;PA5558;PA0546;PA4846;PA3686;PA0432;PA0579;PA5051;PA5557;PA4241;PA1582;PA4255;PA4449;PA4271;PA4042;PA2648;PA4450;PA4425;PA5556;PA4385;PA1588;PA4568;PA4671;PA1587;PA4249;PA4240;PA4261;PA4211;PA5554;PA4457;PA5555;PA5241;PA4935	PA0158
70	PA3151;PA3159;PA2592;PA3156;PA3148;PA3155;PA3152;PA3350;PA2232;PA3158	PA1655;PA1095;PA4773;PA2634;PA4774;PA1094;PA4502;PA1024;PA4504;PA1092;PA4776;PA1086;PA4506;PA4811;PA5445;PA4777;PA1087
71	PA1002;PA0357;PA1257;PA2473;PA3512	PA3138;PA3687;PA5163;PA0336;PA5009;PA4733;PA5192;PA4565;PA5422;PA0949;PA1102;PA1905;PA5312;PA0402;PA2011
72	PA2507;PA1317;PA1318;PA1933	PA3914;PA0524;PA5051;PA3187;PA4122;PA4696;PA4430;PA0518;PA2648;PA4676;PA0519
73	PA4695;PA3187;PA5036;PA3195;PA2264;PA3151;PA4613;PA0523;PA5015;PA3182;PA3155;PA3159;PA2323;PA0849;PA3158;PA3183;PA2321;PA2265;PA2261;PA3181;PA0524;PA3194;PA0887;PA2263;PA3193;PA5035	PA1657;PA1421;PA0870;PA2009;PA4055;PA5020;PA0782;PA0263;PA1658;PA5417;PA2550
74	PA3187;PA1904;PA3556;PA4211;PA3333;PA4217	PA0510;PA4193;PA3446;PA2413;PA0896;PA2408;PA0518;PA2512;PA0519;PA4442;PA0523;PA1856;PA1287;PA3392;PA2513;PA2691;PA0281;PA2507;PA1719;PA0025;PA4192;PA0280;PA2412;PA0283;PA0897;PA3444;PA2514;PA4195;PA4470;PA4194;PA2204;PA0524
75	PA2438;PA5498;PA5500;PA3601;PA5541;PA3600;PA1927;PA2914;PA4065;PA1923;PA2912;PA4064;PA5539;PA5499;PA5501;PA5538;PA2913	PA4230;PA5302;PA3187;PA5172;PA2514;PA0865;PA5304
76	PA1179	PA0510;PA4225;PA4193;PA2413;PA2904;PA0518;PA0519;PA0523;PA1856;PA1317;PA3392;PA4226;PA2691;PA4228;PA3182;PA3874;PA1321;PA0024;PA0025;PA4192;PA1927;PA2412;PA0130;PA1320;PA4470;PA5497;PA3875;PA3872;PA4205;PA4231;PA3183;PA3814;PA4230;PA3181;PA0524;PA4206;PA1319;PA1318;PA4207
77	PA0652;PA3584;PA3531;PA1610;PA0782;PA4124	PA4910;PA4225;PA0747;PA2553;PA5377;PA3600;PA1217;PA0242;PA3236;PA5372;PA5378;PA4226;PA4228;PA2912;PA2012;PA5417;PA3570;PA2011;PA5379;PA5098;PA2014;PA2412;PA5419;PA4829;PA4205;PA5416;PA4231;PA4230;PA4224;PA3568;PA5420;PA5541;PA4206;PA5421;PA2000;PA0230;PA4207;PA5376;PA3569;PA5418
78	PA2360;PA0275;PA5522;PA1997;PA4901;PA0174;PA0173;PA0175;PA1252;PA2361	PA1581;PA3639;PA2634;PA2444;PA5557;PA2644;PA1582;PA2014;PA2000;PA5429;PA2826;PA4244;PA0609;PA0009;PA3569;PA3366;PA2011
79	PA3834;PA3103;PA3861;PA2638;PA3107;PA4956;PA1552;PA2612;PA2605;PA3482;PA1770;PA3214;PA4483;PA3999;PA4042;PA2709;PA5063;PA4732;PA2642;PA4758;PA4201;PA3627;PA4069;PA2640;PA1821;PA4411;PA5304	
80	PA1095;PA1179;PA1094;PA1092;PA1086;PA5332;PA1087	PA4910;PA1667;PA0997;PA4225;PA4208;PA1661;PA4211;PA4497;PA0998;PA1902;PA4912;PA4911;PA1254;PA1217;PA4217;PA1002;PA1657;PA2193;PA4909;PA4226;PA1904;PA2811;PA4228;PA4123;PA4121;PA0996;PA1693;PA1701;PA1260;PA1000;PA1320;PA4231;PA0999;PA4230;PA1901;PA3568;PA1659;PA4224;PA1658;PA1668;PA1319;PA1001;PA1318;PA1903;PA1905;PA1660;PA1073;PA4207
81	PA2607;PA0130;PA1140	PA4038;PA3159;PA3320;PA2340;PA0524;PA4193;PA0323;PA0325;PA0685;PA1779;PA1660;PA3569;PA3875
82	PA3372;PA2828;PA5549;PA0222;PA2856;PA5272	PA4031;PA5142;PA0609;PA2217;PA3211;PA5038;PA4663;PA0590;PA4376;PA5349;PA0651;PA2607;PA1279;PA4839;PA5228;PA0357;PA0899;PA3861
83	PA5522;PA4912;PA0844;PA4911;PA1101;PA3236;PA1087;PA5372;PA5378;PA1256;PA1078;PA3514;PA1100;PA4909;PA1084;PA3513;PA1423;PA4913;PA1252;PA5417;PA1079;PA5379;PA1260;PA5419;PA1082;PA5416;PA1004;PA5523;PA5420;PA5421;PA1081;PA5415;PA1077;PA5524;PA5376;PA1452;PA5418	PA0872;PA2008;PA4588;PA5096;PA3187;PA0870;PA1317;PA1659;PA3721;PA5092;PA1319;PA1318;PA5100;PA1320;PA0865;PA5106;PA5098
84	PA2507;PA4443;PA2512;PA4973;PA4193;PA1287;PA2513;PA0263;PA2509;PA2514;PA2682;PA1984;PA2508;PA1341;PA5172;PA1342;PA0298	PA4208;PA3187;PA2329;PA2022;PA0347;PA3195;PA0677;PA1179;PA4613;PA4771;PA2052;PA4774;PA0681;PA3296;PA3182;PA4773;PA4811;PA5445;PA3478;PA3379;PA1180;PA4777;PA3554;PA2382;PA2327;PA2323;PA0849;PA4776;PA2253;PA4205;PA3872;PA2321;PA3183;PA3181;PA3910;PA3194;PA4206;PA3383;PA0887;PA4290;PA4207;PA3193
85	PA1511;PA3310;PA2105;PA0263;PA0996;PA4211;PA2104;PA2103;PA4207	PA4225;PA0078;PA1092;PA2512;PA1087;PA1095;PA1179;PA2513;PA4226;PA4228;PA5445;PA1180;PA3555;PA1094;PA2514;PA4231;PA4230;PA4224;PA3568;PA0504;PA1280;PA0887;PA4290;PA1086
86	PA1581;PA3651;PA2970;PA5570;PA3512;PA5038;PA4748;PA4415;PA1320;PA3645;PA4159;PA3028	PA1798;PA4285;PA5436;PA1100;PA4646;PA4812;PA5210;PA1726;PA0176
87	PA1660;PA2649	PA0228;PA2413;PA0226;PA2446;PA2682;PA2408;PA2512;PA3584;PA0523;PA2513;PA2509;PA2390;PA2445;PA4228;PA3877;PA2389;PA2507;PA0227;PA2412;PA3337;PA2508;PA2514;PA4205;PA4230;PA0524;PA4206;PA2407;PA2409;PA4207
88	PA1449;PA0660;PA4138;PA0602;PA5422	PA4283;PA1655;PA2584;PA5163;PA3047;PA4234;PA2843;PA1553;PA1552;PA3763;PA3348;PA2641;PA4411;PA1799;PA4937
89	PA0747;PA3553;PA3559;PA3151;PA0795;PA1179;PA3552;PA4774;PA2638;PA3557;PA4502;PA4504;PA3556;PA4456;PA2012;PA4773;PA1180;PA2011;PA3570;PA3554;PA3555;PA4777;PA0794;PA0796;PA4010;PA0604;PA2014;PA4503;PA4776;PA2444;PA0603;PA0879;PA3558;PA4455;PA2013;PA0793;PA0605;PA0606;PA0887;PA4290;PA3569	PA1140;PA5429;PA0849;PA0609;PA5172
90	PA1874;PA1871;PA0106;PA3415;PA3417;PA3416;PA2570;PA0105;PA1092;PA0175;PA0113;PA0107;PA5213;PA0180;PA1930;PA3477;PA3361;PA1135;PA3478;PA0176;PA2160;PA5058;PA3724;PA3250;PA5056;PA3479;PA0112;PA2566;PA0108	PA1278;PA2948;PA2904;PA2905;PA5508
91	PA5559;PA4246;PA4251;PA3352;PA1092;PA2742;PA4260;PA4433;PA1589;PA0373;PA4272;PA3656;PA4274;PA3001;PA4267;PA1464;PA4264;PA4262;PA4751;PA5489;PA5558;PA4232;PA4934;PA3351;PA0555;PA4253;PA4273;PA5046;PA4247;PA4248;PA4385;PA4249;PA4261;PA2976;PA4263;PA4937;PA4935	PA5553
92	PA1179;PA3584;PA0523;PA3181;PA0524;PA0106;PA3568;PA3194;PA3232;PA3364;PA0887;PA3582;PA4290;PA3195;PA0108;PA1180;PA3183	PA4443;PA4193;PA3446;PA2512;PA3938;PA4442;PA2981;PA1317;PA0281;PA2086;PA2083;PA3937;PA4192;PA1838;PA0280;PA0283;PA3672;PA0282;PA2204;PA3449;PA5139;PA1318
93	PA1871;PA2367;PA1249;PA0105;PA1092;PA1342;PA0175;PA2232;PA3068;PA4687;PA2369;PA1930;PA0523;PA2366;PA2371;PA2370;PA1135;PA2290;PA1585;PA3250;PA0179;PA2623;PA2373;PA2360;PA0524;PA2368;PA2365;PA2573;PA0704	PA3097;PA4230;PA3584;PA4208;PA0579;PA4228;PA4207;PA5035
94	PA1809;PA4236;PA4941;PA4416;PA4415;PA3820;PA3861;PA4442;PA4217;PA1555;PA4272;PA4412;PA0281;PA1584;PA2019;PA1556;PA3686;PA4410;PA1493;PA1810;PA4271;PA4417;PA4418;PA4385;PA4414;PA4431;PA2555;PA2649;PA2013;PA4430;PA1806;PA4411;PA5119;PA5076	PA3476;PA1179;PA2003;PA0523;PA3035;PA1502;PA0524;PA2513;PA1927;PA2412;PA2514;PA2408;PA2512;PA4470;PA1180;PA1310
95	PA2507;PA2711;PA2003;PA0231;PA2080;PA4091;PA1317;PA0228;PA0226;PA0227;PA2513;PA2509;PA4226;PA2081;PA2682;PA2514;PA1319;PA2508;PA2512;PA2232;PA1180	PA4211;PA3382;PA3516;PA0347;PA4209;PA4217;PA3378;PA3377;PA3319;PA4909;PA1905;PA4351;PA1904;PA2887;PA0500;PA5082;PA2444;PA4205;PA3517;PA3383;PA1903;PA0203;PA4207
96	PA4706;PA4230;PA4470;PA2413;PA4708;PA2531;PA2412;PA4226;PA2390;PA4158;PA2408;PA4228;PA2407;PA2389;PA2409;PA4707;PA4159;PA4231	PA0228;PA4236;PA2644;PA2512;PA4810;PA2638;PA1174;PA4761;PA2513;PA4351;PA4880;PA1173;PA4811;PA5445;PA2507;PA0227;PA4333;PA2508;PA2641;PA2444;PA2514;PA4205;PA2637;PA1787;PA3531;PA2649;PA4206;PA2640;PA3524;PA5415;PA4812;PA2645;PA1562;PA2647;PA4207
97	PA0997;PA4225;PA4211;PA3187;PA2906;PA0998;PA4130;PA2408;PA2371;PA4226;PA4228;PA3314;PA0996;PA1000;PA2412;PA4231;PA0999;PA4230;PA4224;PA1001;PA4133;PA2407;PA2409	PA3914;PA3584;PA1920;PA3870;PA0878;PA0523;PA3872;PA0524;PA3392;PA1421;PA5541;PA1602;PA0242;PA3877;PA3875;PA5539;PA3876;PA3874;PA5538;PA4980;PA4977
98	PA4225;PA4706;PA2413;PA3600;PA2408;PA4688;PA4226;PA4228;PA2389;PA4707;PA2412;PA4158;PA4708;PA4470;PA5217;PA4231;PA4230;PA4513;PA4224;PA3601;PA2407;PA4159;PA2409	PA1179;PA0523;PA0524;PA3531;PA3194;PA3392;PA0441;PA4236;PA4812;PA4811;PA3333
99	PA4201;PA4193;PA0206;PA4202;PA0204;PA1092;PA3252	PA2265;PA5445;PA2947;PA2362;PA2367;PA5140;PA2371;PA3187;PA3601;PA3742;PA3600;PA2412;PA2368;PA2363;PA2445;PA2442;PA2373;PA2370;PA2389;PA2443
100	PA1874;PA1871;PA4208;PA3719;PA0106;PA3415;PA3417;PA3721;PA3416;PA2570;PA3352;PA0105;PA1092;PA0113;PA0107;PA0872;PA1095;PA1930;PA3584;PA1174;PA4309;PA2445;PA3418;PA1464;PA2247;PA3724;PA1094;PA3351;PA0865;PA4205;PA2566;PA4206;PA4207;PA2573;PA0108	PA2948;PA3925;PA1557;PA4483;PA0295;PA4389
101	PA3553;PA1249;PA4810;PA3559;PA1179;PA3552;PA4774;PA3557;PA3556;PA4456;PA4773;PA4811;PA1180;PA4777;PA3554;PA3555;PA4010;PA3148;PA4776;PA3558;PA4455;PA4454;PA4812	PA2913;PA4110;PA5471;PA4217
102	PA1274;PA3609;PA1277;PA3642;PA3608;PA1281;PA4645;PA1276;PA3607;PA1534;PA3713;PA1638;PA2969	PA0747;PA2015;PA1174;PA1905;PA2009;PA4502;PA3250;PA4500;PA0179;PA5415;PA1904;PA3418;PA3337;PA4211;PA2573;PA0108;PA3570;PA2550
103	PA0245;PA3446;PA0227;PA2569;PA3121;PA4110	PA2652;PA5093;PA4307;PA4225;PA5096;PA4310;PA4230;PA4224;PA1338;PA4911;PA1080;PA4309;PA4226;PA4228;PA1104;PA0175;PA5435;PA4231;PA1079
104	PA3553;PA2446;PA1984;PA3559;PA1179;PA3552;PA4774;PA3557;PA2009;PA2445;PA2007;PA3556;PA4773;PA4777;PA3554;PA3555;PA4189;PA4010;PA2444;PA2685;PA3558;PA5415;PA4188;PA4211	PA0228;PA4125;PA4180;PA3582;PA2512;PA4138;PA5508;PA3584;PA3579;PA4128;PA2513;PA4123;PA4152;PA4121;PA2507;PA4163;PA0227;PA4122;PA4158;PA2514;PA4470;PA4127;PA4153;PA4133;PA4124
105	PA0768;PA4433;PA3097;PA4246;PA1589;PA0650;PA4069;PA2612;PA1459;PA2623;PA2976;PA4865;PA4232;PA4751;PA2742;PA1726;PA3170	PA1668;PA2981;PA4771
106	PA3584;PA4771;PA1927;PA1602;PA3582;PA5172;PA5304	PA3187;PA1694;PA1249;PA1717;PA1690;PA1697;PA1725;PA1072;PA1696;PA1693;PA1719;PA1701;PA1695;PA1000;PA1723;PA1703;PA1691;PA1698;PA1722;PA4973;PA1724;PA1716;PA1073;PA1692
107	PA4051;PA4193;PA4192;PA2018;PA0102;PA4194;PA2019;PA4195;PA4969	PA3151;PA3159;PA4310;PA3148;PA4503;PA4502;PA4500;PA3152;PA4504;PA2321;PA2444;PA4506;PA3158;PA3526;PA2637
108	PA0747;PA2553;PA4236;PA2446;PA2195;PA1249;PA2815;PA3172;PA5172;PA3171;PA0175;PA2232;PA2003;PA0178;PA1174;PA3477;PA0195;PA0176;PA5058;PA5171;PA5025;PA0179;PA2250;PA1247;PA0177;PA2194;PA5173;PA1562;PA2573	PA3584;PA1946;PA1856;PA4500;PA0887;PA4290;PA5445
109	PA4443;PA3446;PA4251;PA4238;PA3745;PA4442;PA4260;PA4272;PA3656;PA4748;PA0281;PA4254;PA1838;PA0280;PA4253;PA0283;PA3444;PA3183;PA2204;PA3181;PA3742;PA1660	PA3628;PA2144;PA0844;PA3721;PA2682;PA3236;PA2512;PA5378;PA2513;PA2509;PA2164;PA5417;PA5379;PA3629;PA2507;PA2147;PA5419;PA2508;PA4172;PA2514;PA1982;PA5416;PA1421;PA5420;PA5421;PA5415;PA5418
110	PA4246;PA4007;PA1583;PA4259;PA4740;PA4251;PA4848;PA3834;PA3745;PA4269;PA2744;PA3637;PA0934;PA4260;PA4433;PA1581;PA3584;PA4257;PA4256;PA4761;PA5570;PA4272;PA4748;PA4254;PA4274;PA3001;PA4267;PA4239;PA4264;PA4262;PA0579;PA4563;PA5557;PA1582;PA4253;PA4255;PA4271;PA4273;PA4247;PA4248;PA4385;PA1588;PA4258;PA4670;PA0887;PA1010;PA4261;PA2976;PA5554;PA1794;PA4935	PA1268;PA3910;PA4351;PA1303;PA0678;PA3383;PA2022;PA3361;PA4812;PA0347;PA4810;PA4811
111	PA3642;PA3310;PA2950;PA0968;PA3643;PA0293;PA1534;PA1552;PA5131;PA1609;PA2968;PA3821;PA5174;PA3820;PA0668;PA3735;PA3861	PA1871;PA4211;PA0177;PA2366;PA3254;PA1174;PA1555;PA1905;PA1902;PA3250;PA0704;PA5354;PA1904;PA1173;PA1903;PA5172;PA1556;PA3478;PA5355
112	PA4088;PA4804;PA2473;PA4158;PA4144;PA3252	PA1586;PA3666;PA5163;PA4251;PA4464;PA3352;PA4250;PA1457;PA5315;PA2742;PA4260;PA4433;PA0098;PA1589;PA2638;PA1580;PA3656;PA3361;PA4274;PA5499;PA4751;PA0579;PA4563;PA3351;PA1543;PA1588;PA4568;PA3162;PA0336;PA4258;PA1587;PA3742;PA4252;PA4263;PA2741
113	PA0945;PA3651;PA5560;PA4276;PA3745;PA2969;PA4433;PA4432;PA3807;PA4272;PA4264;PA0579;PA4563;PA2629;PA4932;PA5568;PA4248;PA2584;PA4569;PA0654;PA3742;PA4249;PA3821;PA3822	PA4211;PA4208;PA1902;PA4130;PA0051;PA4209;PA4217;PA0132;PA1657;PA1555;PA3361;PA1904;PA1556;PA3478;PA0130;PA4470;PA3333;PA4205;PA3479;PA1901;PA4206;PA1658;PA4133;PA1903;PA1905;PA4207
114	PA3609;PA3607;PA4771;PA3608;PA3452;PA4645;PA3560;PA3610;PA2903;PA1319;PA4812;PA1320;PA1279;PA4839;PA2253;PA4810;PA4811;PA4688	PA4443;PA3442;PA3446;PA3935;PA3931;PA3938;PA4217;PA0107;PA1930;PA1905;PA4502;PA0196;PA3443;PA1904;PA3418;PA5100;PA0195;PA3937;PA3570;PA4192;PA1838;PA3444;PA3333;PA1247;PA2204;PA3445;PA2015;PA2555;PA4211;PA2573;PA5035
115	PA4163;PA4880;PA4125;PA4180;PA2152;PA2815;PA4123;PA5100;PA1562;PA4124;PA4121;PA5106	PA0997;PA3870;PA4193;PA3553;PA3446;PA3452;PA1661;PA4211;PA0998;PA1902;PA1694;PA3366;PA3559;PA1002;PA1179;PA3552;PA3557;PA4073;PA3364;PA3556;PA1904;PA1696;PA4773;PA0996;PA1180;PA1693;PA3554;PA1719;PA3914;PA4189;PA1701;PA3555;PA1000;PA1024;PA3444;PA1716;PA3872;PA0999;PA3476;PA1722;PA0524;PA3558;PA1001;PA1903;PA1905;PA1692
116	PA1798;PA4804;PA4414;PA2059;PA5176;PA0219;PA5297;PA0660;PA5369;PA2857;PA5394	PA2652;PA0895;PA5162;PA0896;PA3361;PA0242;PA0901;PA4068;PA0609;PA0897;PA0899
117	PA2340;PA3415;PA5439;PA4027;PA3417;PA3351;PA4901;PA3416;PA1463;PA3418;PA3316;PA3350;PA1443;PA3814;PA5106	PA5559;PA4031;PA5316;PA5560;PA4868;PA0430;PA3832;PA2970;PA5570;PA1580;PA3163;PA1584;PA2616;PA0432;PA5051;PA5557;PA1582;PA4932;PA0963;PA1156;PA3742;PA4670
118	PA1694;PA4125;PA1717;PA1690;PA1697;PA1725;PA4123;PA1696;PA4121;PA1693;PA1719;PA1701;PA1695;PA4122;PA1723;PA1703;PA1691;PA1698;PA1722;PA1724;PA1716;PA1692	PA2008;PA3366;PA3364
119	PA0997;PA4193;PA3553;PA0998;PA4130;PA2195;PA2105;PA3559;PA1002;PA1179;PA3552;PA4774;PA2193;PA1555;PA3557;PA3556;PA4773;PA2104;PA0996;PA4777;PA1180;PA3554;PA3555;PA1000;PA4776;PA4194;PA3333;PA0999;PA4973;PA2194;PA3531;PA3558;PA3120;PA4454;PA0920;PA1001;PA4133;PA4211	PA3584;PA0523;PA1260;PA0524;PA1421;PA3392;PA1254;PA3582;PA4687;PA5217;PA1256
120	PA5427;PA4235;PA4236;PA0518;PA1049;PA5172;PA0519;PA0523;PA2193;PA1557;PA1555;PA3877;PA5230;PA1556;PA5171;PA1561;PA3337;PA0835;PA5497;PA2194;PA0836;PA0295;PA5173;PA2195;PA5304	PA3929;PA3930
121	PA0083;PA2536;PA0085;PA1024;PA3364;PA1584;PA3366;PA4217	PA4706;PA4230;PA4470;PA2413;PA4708;PA2412;PA4226;PA2390;PA4158;PA2408;PA3541;PA4228;PA2407;PA2389;PA2409;PA4707;PA3547
122	PA2553;PA3156;PA2248;PA2446;PA1070;PA1984;PA5452;PA3151;PA2008;PA1071;PA2009;PA1072;PA2445;PA1074;PA2442;PA5100;PA3155;PA2443;PA3159;PA2247;PA5154;PA5152;PA3148;PA1338;PA2014;PA3232;PA2249;PA2250;PA2444;PA0865;PA3158;PA2015;PA2555;PA3568;PA3152;PA5155;PA2000;PA5415;PA0887;PA1999;PA4290;PA1073;PA5153	PA0998;PA1217;PA1249;PA5508;PA3562;PA0523;PA4774;PA0480;PA1904;PA4773;PA3478;PA4777;PA3724;PA3876;PA3479;PA0999;PA3476;PA0524;PA1659;PA3560;PA4211;PA4307
123	PA4230;PA4225;PA3584;PA4687;PA4224;PA4226;PA4759;PA4228;PA3582;PA4708;PA4470;PA4231	PA3540;PA2445;PA3541;PA0130;PA3547;PA3545
124	PA0244	PA5163;PA4740;PA4251;PA4464;PA0430;PA1457;PA5164;PA5366;PA1584;PA4254;PA3001;PA4245;PA5243;PA0432;PA4500;PA4255;PA3213;PA4776;PA4453;PA1588;PA0336;PA4252;PA5161;PA4241;PA5153
125	PA2340;PA3476;PA1518;PA3512;PA0204;PA0202;PA0011;PA5388	PA2584;PA1823;PA3088;PA3344;PA0552;PA2444;PA2105
126	PA4260;PA4433;PA2584;PA2970;PA4563;PA3742;PA4429;PA4276;PA3537;PA4670;PA4430;PA3803;PA3820;PA5568;PA2969	PA1874;PA3446;PA0106;PA3935;PA0105;PA1092;PA3938;PA0361;PA0113;PA0107;PA4909;PA3443;PA3252;PA3937;PA0176;PA3250;PA0283;PA0897;PA3444;PA0112;PA4496;PA3445;PA0108
127	PA1375;PA4443;PA3446;PA0342;PA1838;PA3735;PA4333;PA0283;PA3182;PA2828;PA3938;PA4442;PA3183;PA5508	PA5106;PA0153;PA5096;PA5098;PA1905;PA1904;PA3877;PA5100;PA1903;PA4211;PA4209;PA4217
128	PA1447;PA1078;PA1179;PA4193;PA3083;PA1100;PA1458	PA0504;PA0085;PA5453;PA0002;PA3111;PA5373;PA3437;PA3169;PA5516;PA4417;PA0112
129	PA3151;PA3159;PA3148;PA4548;PA5310;PA3152;PA4351;PA2570;PA3155;PA3158	PA3553;PA0228;PA1902;PA1614;PA1694;PA1984;PA1092;PA1717;PA3559;PA1087;PA4217;PA2008;PA1095;PA3552;PA0523;PA4774;PA3557;PA1417;PA2009;PA2007;PA3556;PA1904;PA1696;PA4773;PA4777;PA1693;PA3554;PA3555;PA1701;PA1695;PA1094;PA1024;PA1723;PA0130;PA0865;PA3333;PA1691;PA1698;PA0524;PA1421;PA3558;PA0230;PA1903;PA1086;PA1692
130	PA2008;PA2009;PA2000;PA2446;PA1319;PA2007;PA1318;PA1320;PA2442;PA2444;PA2445	PA4038;PA4089;PA0510;PA3872;PA0524;PA1856;PA3392;PA3601;PA5541;PA0685;PA3600;PA4065;PA1923;PA4064;PA5539;PA4037;PA3874;PA5538
131	PA4385;PA4918;PA3181;PA5046;PA4761;PA3820;PA2013;PA3742;PA4069;PA2248;PA2968;PA5174;PA2019;PA1073;PA4110	PA1874;PA1871;PA1661;PA4208;PA4211;PA1902;PA2329;PA2570;PA1249;PA4217;PA0180;PA2163;PA3477;PA3361;PA1904;PA3478;PA2160;PA3724;PA3250;PA4205;PA3479;PA1901;PA4206;PA1658;PA0263;PA2365;PA1903;PA1905;PA4207
132	PA4230;PA4613;PA0524;PA4912;PA0325;PA0749;PA4125;PA3516	PA3555;PA2981;PA3156;PA0679;PA3506;PA2018;PA2412;PA1602;PA3374;PA2104;PA2408;PA0130;PA2012;PA3498;PA2105
133	PA3476;PA3486;PA3724;PA3477;PA2513;PA4880;PA3364;PA2514;PA0263;PA2682;PA0143;PA2815;PA3475;PA3105;PA2512;PA3101;PA3479	PA4193;PA3553;PA3446;PA4217;PA2295;PA3552;PA3557;PA4761;PA3877;PA4773;PA5445;PA3874;PA1556;PA4777;PA3554;PA1701;PA4192;PA3232;PA3876;PA4194;PA3875;PA3872;PA4195;PA4205;PA3558;PA4206;PA0887;PA4290;PA4207;PA1073
134	PA4211;PA0153;PA3584;PA4774;PA5171;PA3333;PA1901;PA1224;PA1905;PA1902;PA4351;PA2570;PA3361;PA1904;PA2813;PA3582;PA1903;PA5172;PA3478;PA3479;PA4217	PA5353;PA3187;PA3751;PA2446;PA5415;PA5354;PA2445;PA0603;PA2444;PA5355
135	PA3159;PA0231;PA2857;PA3506;PA0424;PA3158	PA1737;PA0353;PA2008;PA5142;PA0296;PA3088;PA5069;PA2009;PA1000;PA5237;PA1101;PA4316;PA5443;PA0865;PA5435
136	PA2711;PA3607;PA4259;PA0403;PA4251;PA4249;PA4261;PA4264;PA4865	PA2947;PA2981;PA2160;PA2147;PA2144;PA2413;PA3384;PA4351;PA2412;PA3372;PA1384;PA3498;PA3379;PA5497
137	PA4588;PA5010;PA2947;PA2944;PA1867;PA4594;PA2673;PA3315;PA2675;PA1810;PA4911;PA1584;PA1104;PA3028	PA3607;PA5074;PA3187;PA5177;PA1272;PA1105;PA3475;PA2407;PA5076;PA0036;PA1799;PA1375;PA3170
138	PA4225;PA3181;PA4771;PA2444;PA3187;PA2443;PA2446;PA5415;PA2445;PA3582;PA2442;PA3182;PA3193;PA3195;PA2382;PA3183;PA5508	PA0997;PA5096;PA0998;PA4912;PA4130;PA4125;PA3516;PA3523;PA4138;PA4217;PA4128;PA0196;PA4123;PA4152;PA5100;PA0195;PA4121;PA0996;PA5098;PA4091;PA4163;PA1976;PA1000;PA4122;PA1927;PA5095;PA1501;PA1982;PA3121;PA0999;PA4127;PA5093;PA1001;PA4133;PA4124;PA5106
139	PA4225;PA4230;PA4513;PA4224;PA4470;PA2413;PA3601;PA3600;PA2412;PA4226;PA2408;PA4228;PA4231;PA4708;PA4687;PA5217;PA4688	PA4208;PA0228;PA4130;PA2446;PA1217;PA2512;PA3366;PA0132;PA0523;PA4774;PA1946;PA5302;PA2513;PA4504;PA2445;PA5100;PA4773;PA3570;PA2011;PA2507;PA2014;PA1927;PA2444;PA2514;PA4205;PA3531;PA2015;PA0524;PA3558;PA4206;PA2000;PA1999;PA4207;PA3569
140	PA0083;PA0087;PA0084;PA0085;PA4482	PA1694;PA1717;PA1690;PA1697;PA1725;PA4123;PA1696;PA4121;PA1693;PA1719;PA1701;PA1695;PA4122;PA1723;PA1703;PA1691;PA1722;PA1698;PA3120;PA1724;PA1716;PA4124;PA1692
141	PA3151;PA3159;PA1095;PA4918;PA3156;PA3148;PA1094;PA3152;PA2105;PA3294;PA1092;PA2739;PA3155;PA1086;PA3498;PA2104;PA3158;PA1087	PA0254;PA4771
142	PA3554;PA3555;PA1179;PA3552;PA4774;PA3553;PA3557;PA0265;PA3558;PA1927;PA0266;PA3361;PA3556;PA5429;PA4776;PA4211;PA4777;PA4773;PA1180;PA3559	PA3187;PA0106;PA3582;PA3195;PA5435;PA2008;PA0523;PA3392;PA2009;PA2007;PA3182;PA1260;PA2323;PA0865;PA2321;PA3183;PA2862;PA0524;PA3181;PA3194;PA2000;PA1999;PA3193
143	PA4225;PA0747;PA2944;PA3553;PA2553;PA4130;PA2248;PA1984;PA3559;PA0872;PA2008;PA1179;PA3552;PA2003;PA2009;PA4226;PA2007;PA4228;PA2012;PA5100;PA4773;PA1180;PA2011;PA5098;PA3554;PA3570;PA2247;PA2014;PA2249;PA2250;PA0865;PA4231;PA4230;PA2555;PA4224;PA2013;PA2000;PA4133;PA1999;PA1905;PA3569;PA5106	PA3584;PA0024;PA4771;PA3452;PA3579;PA3601;PA3236;PA3582;PA3182;PA4749
144	PA5372;PA5379;PA3629;PA0997;PA0999;PA0098;PA3628;PA5420;PA0998;PA5415;PA0896;PA2813;PA2811;PA0174;PA0193;PA2357;PA0996	PA4433;PA0510;PA0524;PA3187;PA1927;PA1070;PA4470
145	PA4189;PA3377;PA3584;PA3374;PA0678;PA1254;PA3383;PA5143;PA3582;PA0958;PA1532	PA5010;PA4740;PA3088;PA2810;PA3361;PA0927;PA0102;PA3725;PA4114;PA1124
146	PA2652;PA4310;PA3352;PA1092;PA3526;PA1095;PA1179;PA1078;PA4761;PA2513;PA1080;PA4309;PA3713;PA5417;PA1079;PA5379;PA4163;PA1094;PA4633;PA5419;PA4385;PA4918;PA5420;PA4729;PA1077;PA1081;PA5072;PA4919;PA4307;PA5272	PA4973;PA4073;PA4880;PA3361;PA2815;PA3929;PA3930;PA4110
147	PA1657;PA3584;PA1179;PA5098;PA1421;PA3579;PA0604;PA4351;PA5092;PA5095;PA0605;PA3582;PA5100;PA5106;PA4217	PA4443;PA0997;PA4225;PA1756;PA3187;PA0998;PA1984;PA3236;PA3195;PA4442;PA1002;PA2008;PA2009;PA4226;PA0281;PA4228;PA2007;PA3182;PA4773;PA0996;PA5379;PA4192;PA1838;PA0280;PA1000;PA0283;PA0865;PA4231;PA0999;PA4230;PA3194;PA2000;PA1001;PA3193
148	PA3553;PA1694;PA2408;PA1717;PA2105;PA3559;PA1179;PA3552;PA4774;PA3557;PA1690;PA1697;PA1725;PA3556;PA1696;PA4773;PA1180;PA1693;PA4777;PA3554;PA1719;PA3555;PA1701;PA1695;PA1723;PA4776;PA1703;PA1691;PA1722;PA1698;PA3558;PA1724;PA1716;PA1692	PA1421;PA4771;PA0849;PA0293;PA4209;PA4217
149	PA5368;PA0844;PA0685;PA0678;PA3382;PA1254;PA2022;PA0347;PA2105;PA0677;PA4209;PA1256;PA1258;PA3378;PA3375;PA3377;PA1856;PA5366;PA3100;PA3319;PA4351;PA3296;PA3478;PA3379;PA1260;PA3384;PA5367;PA3374;PA5369;PA3479;PA3910;PA0679;PA3383;PA3380	PA2512;PA4761;PA2513;PA2509;PA2514;PA5304
150	PA2339;PA0223;PA3513;PA1552;PA0010;PA2035;PA0203;PA4418;PA2857;PA1124	PA3639;PA2584;PA4189;PA0363;PA5202;PA2858;PA4988;PA2654;PA3590;PA3406;PA0749;PA1101;PA4730;PA0035;PA0552;PA0195;PA4280;PA4676;PA5072
151	PA5353;PA3187;PA4565;PA2809;PA5354;PA3777;PA1326;PA0766;PA3183;PA5355	PA0872;PA2008;PA5372;PA0997;PA1515;PA0878;PA4771;PA2009;PA5373;PA3522;PA2000;PA4226;PA0879;PA4109;PA2007;PA3523;PA0130;PA0897;PA0865;PA4307
152	PA2892;PA1661;PA0851;PA4224;PA2570;PA4284;PA3095	PA0300;PA3584;PA3013;PA4758;PA0524;PA0009;PA0954;PA1580;PA5560;PA1582;PA4430;PA2321;PA3832;PA1320;PA0609;PA5554;PA1794;PA0750;PA0519;PA0662
153	PA1646;PA3628;PA5377;PA0844;PA4911;PA3236;PA0582;PA0583;PA5372;PA5378;PA4909;PA4880;PA2416;PA4786;PA5417;PA5379;PA3629;PA5419;PA5416;PA4908;PA5420;PA5421;PA5415;PA5376;PA5418	PA3378;PA3097;PA2944;PA3379
154	PA2639;PA2969;PA5316;PA3636;PA4429;PA0590;PA4415;PA5516;PA4006;PA1049;PA4159;PA1794;PA2647;PA2645;PA5332;PA2637	PA4284;PA4687;PA2711;PA4956;PA2976
155	PA1382;PA3131;PA2105;PA5176;PA0749;PA1534;PA3745;PA1384;PA2104;PA1375;PA2103	PA0768;PA0083;PA0157;PA5164;PA4946;PA4988;PA1683;PA2343;PA4430;PA3373;PA3361;PA4375;PA3480;PA5553;PA3314
156	PA3476;PA1095;PA3584;PA3910;PA3579;PA1094;PA3384;PA0844;PA3383;PA1602;PA3382;PA3372;PA3929;PA3582;PA1092;PA1086;PA4939;PA1003;PA3379;PA1087	PA4193;PA4192;PA4195;PA1224;PA0782;PA4024;PA2000;PA5304;PA3361;PA1140;PA4194;PA2232;PA1556;PA0865
157	PA1258;PA3320;PA1856;PA2412;PA2574;PA2261	PA4047;PA0999;PA0501;PA0997;PA5302;PA5366;PA3627;PA4988;PA0607;PA5471;PA5174;PA4839
158	PA1871;PA4211;PA2553;PA5427;PA3417;PA1902;PA3416;PA1562;PA1984;PA1092;PA5172;PA1342;PA4217;PA0872;PA2008;PA1095;PA1930;PA1087;PA2604;PA1555;PA2009;PA5354;PA3361;PA1904;PA3418;PA1135;PA1556;PA2247;PA5171;PA1094;PA3351;PA3337;PA0865;PA1082;PA0299;PA1901;PA5173;PA1903;PA1905;PA2573;PA0266;PA5304;PA5355	PA4443;PA0579;PA3131;PA1927;PA3816;PA2514;PA3938
159	PA4307;PA4771;PA3610;PA2969	PA0747;PA5096;PA0106;PA1984;PA3541;PA3545;PA0107;PA2008;PA3687;PA1174;PA3540;PA2009;PA4502;PA3929;PA5100;PA3570;PA0865;PA3459;PA2015;PA2000;PA4344;PA1999;PA3551;PA3569;PA5106
160	PA2947;PA1338;PA4351;PA5155;PA5415;PA1072;PA1070;PA1984;PA1140;PA1337;PA1341;PA1339;PA1340	PA0997;PA1871;PA3553;PA0998;PA4778;PA1249;PA1248;PA3559;PA1002;PA1179;PA3552;PA4774;PA3557;PA3477;PA4504;PA3556;PA3929;PA2587;PA4773;PA4506;PA1003;PA3478;PA0996;PA3930;PA4777;PA3554;PA1432;PA3555;PA3724;PA1000;PA4500;PA4776;PA1246;PA1247;PA3479;PA0999;PA3476;PA3558;PA1001;PA1319;PA4211;PA0143
161	PA0482;PA2634;PA3568;PA3558;PA2950;PA4073;PA0196;PA1024;PA0195;PA3001;PA4811;PA4777	PA3151;PA3159;PA3476;PA1179;PA2193;PA0998;PA0604;PA5435;PA1000;PA1430;PA0605;PA1432;PA0606;PA2587;PA4228;PA0603;PA1081;PA1003;PA2105;PA3158
162	PA1587;PA1628;PA5516;PA1946	PA3138;PA4548;PA2810;PA2644;PA3004;PA3831;PA2811;PA3182;PA2444;PA1081;PA3171;PA1799;PA3183
163	PA1874;PA4208;PA2367;PA0106;PA3416;PA2570;PA0105;PA0175;PA0113;PA3526;PA0107;PA5213;PA0180;PA1930;PA0178;PA2371;PA2370;PA0176;PA3232;PA0179;PA2373;PA0174;PA3346;PA4205;PA0177;PA3568;PA2566;PA0108;PA4290;PA0704	PA2514;PA0227;PA0228
164	PA4810;PA1584;PA4812;PA4811	PA4706;PA0997;PA4225;PA2413;PA0998;PA2408;PA1002;PA4226;PA4228;PA2389;PA4707;PA0996;PA2531;PA1000;PA2412;PA4158;PA4708;PA4470;PA4231;PA0999;PA4230;PA4513;PA4224;PA1001;PA2407;PA2409
165	PA0482;PA3584;PA0523;PA0524;PA1317;PA0849;PA1927;PA5445;PA3158;PA3814	PA0999;PA0997;PA2888;PA1555;PA1557;PA0998;PA1000;PA4024;PA5155;PA1073;PA2813;PA1984;PA2811;PA4211;PA1081;PA1982;PA2812;PA0996;PA1556;PA2887;PA4217
166	PA2652;PA2204;PA1027;PA4307;PA1461;PA1927;PA3930;PA1101;PA4908;PA3516;PA3929;PA4375;PA1337;PA1452;PA1459;PA1770;PA3526	PA3187;PA3452;PA3600;PA0976;PA3195;PA3366;PA4771;PA1317;PA4073;PA3877;PA3182;PA5445;PA2323;PA2444;PA0865;PA2321;PA3183;PA3181;PA3194;PA3601;PA2000;PA5415;PA0887;PA1319;PA4290;PA3193
167	PA2011;PA5106;PA5471;PA3970	PA1095;PA5163;PA1382;PA3131;PA1094;PA1092;PA1086;PA4676;PA1340;PA1087
168	PA1871;PA0747;PA2553;PA2001;PA4130;PA2248;PA2446;PA3366;PA3095;PA0872;PA2008;PA0132;PA2003;PA1946;PA0870;PA2009;PA2445;PA2007;PA2012;PA5100;PA3710;PA2011;PA3570;PA2247;PA2014;PA2249;PA2250;PA0130;PA2444;PA0865;PA1247;PA2015;PA2555;PA2013;PA2000;PA4133;PA1999;PA3569	PA4588;PA0605;PA2811;PA1927
169	PA2438;PA5559;PA0204;PA2541;PA4415;PA3832;PA3498	PA0393;PA4931;PA0296;PA4645;PA1105;PA0330;PA1726;PA1004
170	PA1095;PA1094;PA4502;PA4500;PA1024;PA4808;PA1092;PA4773;PA1086;PA1087	PA3151;PA3159;PA4051;PA4193;PA4192;PA3156;PA3148;PA3155;PA1384;PA2018;PA4195;PA3152;PA2104;PA3350;PA2232;PA4194;PA2105;PA3158
171	PA4225;PA2682;PA1984;PA2512;PA2105;PA1856;PA2513;PA4226;PA2007;PA4228;PA2507;PA5171;PA2014;PA1927;PA2508;PA2444;PA2514;PA4231;PA4230;PA2862;PA4224;PA0266;PA3569	PA3378;PA3097;PA3377;PA4613;PA3910;PA3319;PA3384;PA0849;PA4351;PA2018;PA2523;PA2569;PA2019;PA0680;PA0677;PA4217
172	PA3659;PA1276	PA0510;PA4443;PA2203;PA4193;PA3442;PA3446;PA3600;PA3931;PA0518;PA2594;PA5539;PA3938;PA0519;PA5538;PA4442;PA0523;PA1856;PA3392;PA3443;PA2691;PA0281;PA1923;PA3937;PA5445;PA3874;PA0025;PA4192;PA1838;PA0280;PA0283;PA4064;PA3444;PA3936;PA4195;PA5103;PA3875;PA3872;PA4194;PA0282;PA2204;PA3445;PA0524;PA3601;PA5541;PA4065;PA4307
173	PA1874;PA4613;PA3181;PA2020;PA1317;PA4206;PA4205;PA3477;PA3416;PA4207;PA1319;PA1318;PA1320;PA3182;PA2019;PA3478;PA3479;PA1321	PA2652;PA0510;PA5355;PA1070;PA1984;PA5452;PA5508;PA1071;PA1179;PA0523;PA3392;PA3364;PA4504;PA1072;PA1340;PA1180;PA4163;PA5353;PA5154;PA1338;PA2444;PA1341;PA0524;PA5155;PA1337;PA1073;PA4307;PA2550
174	PA1655;PA0091;PA5302;PA2444;PA2536;PA0085;PA0782;PA2446;PA0084;PA0896;PA2018;PA2445;PA1341;PA3166;PA5554;PA3820;PA5304	PA1737;PA0997;PA0153;PA3568;PA1001;PA0242;PA4121;PA5072;PA0112
175	PA1071;PA2947;PA0747;PA2862;PA5171;PA2444;PA1555;PA1557;PA5427;PA3569;PA5173;PA5172;PA1556;PA3570	PA2592;PA0997;PA0228;PA0998;PA1902;PA4130;PA0782;PA4125;PA1249;PA2512;PA0494;PA4217;PA1002;PA4613;PA0523;PA2193;PA2513;PA4123;PA2811;PA2813;PA4121;PA5445;PA0996;PA1432;PA3478;PA3724;PA1000;PA4122;PA0262;PA2514;PA0999;PA3476;PA0524;PA0184;PA1001;PA1319;PA4133;PA4211;PA4124
176	PA5172;PA4264;PA1130;PA5558;PA0958	PA3870;PA3600;PA5435;PA2813;PA2811;PA3876;PA2812;PA3875
177	PA4031;PA5445;PA1923;PA4771;PA4307	PA2553;PA3187;PA2001;PA1984;PA0494;PA3938;PA3366;PA2008;PA2009;PA3443;PA3364;PA4504;PA1904;PA2012;PA1173;PA3570;PA2011;PA5098;PA2247;PA5154;PA3724;PA2014;PA2250;PA3444;PA3333;PA0524;PA2015;PA2555;PA2013;PA2000;PA1999;PA1903;PA4211;PA3569
178	PA3554;PA3584;PA3552;PA4403;PA0654;PA5298;PA4375;PA3582;PA2828	PA3914;PA2890;PA2003;PA3187;PA0228;PA2009;PA2000;PA2408;PA1999;PA2442;PA1279;PA2512;PA3498
179	PA2981;PA3640;PA1505;PA0686;PA1685;PA4750;PA0680;PA5435	PA4279;PA4524;PA2858;PA2009;PA1959;PA2920;PA5228;PA4114;PA3820;PA4389;PA0899
180	PA3013;PA5070;PA3105;PA0401;PA3356;PA3861;PA1589;PA5080;PA4693;PA3014;PA3527;PA4865;PA1770;PA0796;PA3030;PA2991;PA3117;PA2709;PA5552;PA5063;PA0482;PA1787;PA4758;PA2649;PA4069;PA4430;PA0887;PA3831;PA4389;PA5119	PA1225;PA2891;PA2888;PA1535;PA3417;PA1927;PA2007;PA2887
181	PA3151;PA0083;PA0091;PA3584;PA2584;PA0089;PA0106;PA4761;PA0088;PA0085;PA1927;PA3152;PA0887;PA0090;PA0105;PA0087;PA0108;PA0424	PA1095;PA0157;PA4918;PA1094;PA1723;PA1694;PA3713;PA1092;PA5443;PA3171;PA1086;PA4919;PA1087
182	PA3687;PA0887;PA3541;PA2815;PA0102;PA1326;PA3547;PA3545	PA2652;PA5096;PA1694;PA0518;PA1717;PA0494;PA3526;PA4217;PA1657;PA1078;PA1725;PA5100;PA1696;PA1556;PA1693;PA1719;PA1701;PA1695;PA1723;PA1656;PA2444;PA4307;PA1722;PA1698;PA1659;PA1724;PA1716;PA1081;PA1692
183	PA0997;PA2592;PA1871;PA4211;PA0998;PA1902;PA4130;PA2195;PA2943;PA4217;PA1002;PA1179;PA2193;PA3477;PA3361;PA1904;PA2587;PA1003;PA1432;PA0996;PA5445;PA3478;PA3724;PA1000;PA2991;PA3333;PA3479;PA0999;PA3476;PA2194;PA1001;PA4133;PA1903;PA1905;PA0143	PA2008;PA4973;PA2536;PA2009;PA2000;PA2007;PA1999;PA0865;PA3569;PA3570
184	PA2232	PA0997;PA0998;PA0844;PA1602;PA1092;PA0494;PA4676;PA3366;PA1002;PA1095;PA0523;PA3100;PA3364;PA2587;PA4121;PA1003;PA0996;PA1976;PA1094;PA1000;PA1024;PA1703;PA0999;PA3476;PA2950;PA1001;PA0143;PA1692
185	PA0872;PA3584;PA4163;PA4771;PA5302;PA1421;PA3628;PA1317;PA0782;PA5131;PA1319;PA3582;PA0266;PA4121;PA5304	PA3553;PA3600;PA5539;PA5501;PA5538;PA3559;PA1179;PA3552;PA4774;PA3557;PA3556;PA1923;PA4773;PA4777;PA2913;PA3554;PA3555;PA5500;PA2914;PA4064;PA3558;PA3601;PA5541;PA4065
186	PA2652;PA3151;PA3159;PA0524;PA2193;PA1557;PA3156;PA5176;PA5427;PA3148;PA4130;PA3152;PA3337;PA2587;PA5230;PA3155;PA1556;PA0519;PA3158	PA3555;PA4051;PA4706;PA4773;PA4774;PA4192;PA0106;PA2858;PA2018;PA3361;PA0195;PA2019;PA4470;PA0107
187	PA0652;PA4246;PA4259;PA4740;PA2858;PA4251;PA4238;PA2742;PA4442;PA1581;PA4260;PA4433;PA4257;PA4256;PA4272;PA4254;PA4242;PA4274;PA4239;PA4267;PA4264;PA4262;PA4934;PA1582;PA4253;PA4271;PA4273;PA3814;PA4248;PA2584;PA4258;PA4252;PA4249;PA4240;PA4261;PA2976;PA4241	PA5416;PA3629;PA3366;PA5420;PA5421;PA2165;PA3364;PA5419;PA3361;PA3236;PA5417;PA1982;PA3569;PA2105;PA5538;PA0502;PA5418
188	PA5069;PA0927;PA2813;PA2811;PA4812;PA0148;PA4810;PA2812;PA4811	PA4217;PA1317;PA5560;PA1001;PA1319;PA1318;PA1320;PA0254;PA0958;PA1321
189	PA4973	PA0510;PA3870;PA2413;PA2408;PA0518;PA0519;PA5508;PA0523;PA1856;PA3392;PA2691;PA4228;PA2389;PA3874;PA0024;PA0025;PA2412;PA1320;PA4708;PA4470;PA3875;PA3872;PA4230;PA0524;PA2407;PA2409
190	PA0997;PA2592;PA0082;PA0095;PA0077;PA0079;PA0998;PA0088;PA0080;PA0078;PA2232;PA4217;PA1002;PA2008;PA1657;PA0098;PA2007;PA0090;PA4121;PA0996;PA0075;PA1432;PA3159;PA0091;PA0089;PA1000;PA0084;PA4122;PA0072;PA0085;PA0074;PA0865;PA0087;PA0083;PA0999;PA3476;PA2685;PA2536;PA1658;PA1001;PA0081	PA1072;PA4307;PA1073;PA5155
191	PA2015;PA1224;PA2683;PA2000;PA1752;PA0010;PA1384;PA0222;PA0564	PA1823;PA1310;PA0363;PA1292;PA4454;PA3294;PA3725;PA4749
192	PA1274;PA3651;PA3642;PA1281;PA4455;PA1637;PA3242;PA3820;PA0158;PA1638	PA5094;PA1174;PA3392;PA3250;PA5100;PA4829;PA0108;PA5106;PA0112
193	PA2711;PA0326;PA4548;PA5297;PA2212;PA1726;PA5310	PA4741;PA5242;PA4276;PA4941;PA4268;PA3745;PA3646;PA4406;PA1581;PA4433;PA1505;PA2970;PA5570;PA4693;PA4748;PA4242;PA4243;PA0596;PA1582;PA2965;PA4273;PA0838;PA4670;PA4430;PA4240;PA1073;PA2741
194	PA4385;PA0232;PA0997;PA4443;PA4761;PA0228;PA1838;PA0227;PA1000;PA0403;PA4759;PA0281;PA5203	PA1657;PA1661;PA2003;PA4774;PA1511;PA1856;PA1659;PA2009;PA1670;PA1927;PA0263;PA0051;PA2570;PA1668;PA2408;PA2007;PA1656;PA1246;PA1660;PA0865
195	PA2151;PA2144;PA0228;PA1976;PA0227;PA3600;PA3601;PA1997;PA0887;PA5388;PA1984;PA1931;PA4290;PA1982;PA0879;PA0108	PA3552;PA3187;PA3540;PA3384;PA3721;PA1959;PA3383;PA5429;PA3541;PA1092;PA2444;PA3547;PA3366;PA2857
196	PA2947;PA3486;PA2677;PA5281;PA0219;PA0205;PA5216;PA4971	PA0157;PA4741;PA5142;PA0296;PA1013;PA1493;PA1317;PA0650;PA0301;PA5045;PA4500;PA4953;PA4425;PA4232;PA3170;PA3227;PA5153
197	PA3554;PA1095;PA1179;PA3552;PA3553;PA4163;PA1421;PA5355;PA1094;PA3558;PA5354;PA0266;PA3556;PA1984;PA1092;PA2444;PA1326;PA4773;PA1086;PA1087	PA1002;PA0999;PA0997;PA1698;PA1557;PA1317;PA5427;PA0998;PA0954;PA1725;PA1000;PA1723;PA1001;PA1319;PA1320;PA1384;PA3498;PA0996;PA2321
198	PA4310;PA1694;PA3236;PA1717;PA2232;PA1690;PA1697;PA1725;PA4351;PA2561;PA4123;PA1696;PA4121;PA5417;PA1693;PA1719;PA3629;PA1701;PA1695;PA4122;PA1723;PA1703;PA1691;PA1698;PA1722;PA4307;PA1724;PA1716;PA1692	PA0083;PA0132;PA0091;PA4189;PA0089;PA3187;PA0077;PA0084;PA4500;PA0085;PA4504;PA0887;PA2541;PA1668;PA0080;PA4290;PA0087;PA5445;PA3333
199	PA3187;PA3600;PA3195;PA0132;PA4771;PA0523;PA3392;PA2445;PA1566;PA3877;PA3182;PA3914;PA3148;PA2323;PA4158;PA0130;PA2444;PA3876;PA3875;PA2321;PA3872;PA3183;PA3181;PA0524;PA1421;PA3194;PA3601;PA4290;PA1077;PA2263;PA3193	PA5379;PA5416;PA1871;PA4401;PA4402;PA3724;PA5420;PA5421;PA3721;PA0844;PA5419;PA5429;PA3236;PA5417;PA4307;PA5418
200	PA3446;PA1809;PA1694;PA1070;PA4415;PA1717;PA4217;PA1697;PA1725;PA1696;PA1693;PA1719;PA1701;PA1695;PA1723;PA3444;PA1808;PA1703;PA1691;PA1722;PA2204;PA1698;PA2536;PA1724;PA1806;PA1716;PA1081;PA1073;PA1692	PA3378;PA2888;PA3540;PA3568;PA3319;PA0685;PA2513;PA1927;PA3382;PA3541;PA3547;PA3366
201	PA0523;PA5139;PA0887;PA1984;PA0602;PA4290;PA5445	PA0232;PA5096;PA3553;PA0228;PA0998;PA0226;PA4125;PA2682;PA2512;PA3559;PA1179;PA3552;PA4774;PA3557;PA2513;PA2509;PA3556;PA4123;PA4773;PA4121;PA1180;PA4777;PA3570;PA3554;PA2507;PA3555;PA0227;PA4122;PA1927;PA2508;PA4776;PA2514;PA2321;PA0999;PA1659;PA3558;PA3601;PA5092;PA0230;PA4307;PA5106
202	PA4496;PA1095;PA0997;PA4211;PA2193;PA1557;PA1000;PA4130;PA4430;PA1807;PA3929;PA2012;PA5230;PA5376;PA5497;PA1770;PA3930;PA0934	PA3608;PA0228;PA1254;PA0242;PA3582;PA0444;PA2512;PA0494;PA3584;PA4771;PA3540;PA2509;PA4899;PA2019;PA0439;PA2507;PA0245;PA1701;PA0227;PA2018;PA2514;PA3547;PA1692
203	PA1874;PA1871;PA4208;PA5163;PA4211;PA2367;PA2553;PA3417;PA1902;PA4130;PA2248;PA2446;PA0051;PA3416;PA2570;PA1217;PA1092;PA0175;PA3366;PA4209;PA4217;PA0872;PA0132;PA1930;PA2003;PA5164;PA0178;PA2366;PA2009;PA5354;PA3361;PA1904;PA3418;PA4207;PA2370;PA3478;PA0176;PA2247;PA5353;PA5058;PA3724;PA1094;PA2014;PA0179;PA3333;PA4205;PA3479;PA1130;PA2015;PA1901;PA2566;PA4206;PA4133;PA1903;PA1905;PA0704;PA5355	PA2811
204	PA1317;PA0604;PA4255;PA0605;PA0606;PA1319;PA1318;PA1320;PA0603;PA3659;PA1321	PA0510;PA0997;PA0998;PA0518;PA2569;PA0494;PA0519;PA1002;PA0523;PA2193;PA1555;PA3392;PA5445;PA3874;PA0996;PA1556;PA1000;PA4042;PA3672;PA0865;PA3875;PA3872;PA0999;PA0524;PA1001;PA4133
205	PA3751;PA2446;PA5415;PA0896;PA2445;PA2442;PA2444;PA2443;PA4217	PA2295;PA3719;PA4193;PA4192;PA2914;PA2813;PA5228;PA0203;PA4195;PA4194;PA2011
206	PA2163;PA0838;PA2165;PA0196;PA3364;PA1927;PA2152;PA2164;PA1931;PA5111;PA5098	PA1798;PA2009;PA5568;PA5436;PA3725
207	PA3553;PA3187;PA3559;PA2008;PA1179;PA3552;PA4774;PA3557;PA2009;PA4226;PA3556;PA4228;PA4773;PA4435;PA1340;PA1180;PA4777;PA3554;PA3555;PA4776;PA4230;PA3558;PA4454	PA4846;PA4910;PA1719;PA1722;PA4613;PA0523;PA2003;PA1701;PA0524;PA1976;PA3601;PA0849;PA3600;PA1927;PA1696;PA1982;PA1693
208	PA1421;PA0654;PA0749;PA4812;PA4242;PA4810;PA4811;PA4110	PA2592;PA0997;PA3442;PA3446;PA3156;PA0998;PA4130;PA0204;PA1249;PA1092;PA3151;PA1657;PA1095;PA0203;PA3514;PA2193;PA3477;PA0205;PA3513;PA2587;PA3155;PA3937;PA1432;PA3159;PA4192;PA3148;PA1094;PA4503;PA1000;PA1246;PA1384;PA4194;PA3333;PA3158;PA1247;PA0999;PA3476;PA3445;PA0206;PA1001;PA4133;PA4211
209	PA2360;PA2345;PA2362;PA0156;PA5522;PA1997;PA0174;PA4901;PA1463;PA3348;PA3316;PA0173;PA0175;PA0275;PA2361	PA3639;PA0083;PA3584;PA0432;PA5557;PA2014;PA0283;PA5568;PA0430;PA5429;PA1984;PA3582;PA2444;PA1982;PA5075;PA1155;PA3570
210	PA0997;PA0998;PA2446;PA1002;PA2008;PA0872;PA3486;PA5302;PA2193;PA0870;PA2445;PA0996;PA1432;PA2247;PA3724;PA1000;PA2444;PA0865;PA3333;PA0999;PA3476;PA2000;PA1001;PA1999;PA4211	PA1778;PA3552;PA4774;PA3553;PA5098;PA1260;PA2862;PA0524;PA5420;PA3112;PA3516;PA3556;PA5100;PA0195;PA1982;PA4773;PA2321;PA1256
211	PA3554;PA1179;PA3552;PA3553;PA2634;PA3558;PA3600;PA0196;PA3522;PA3120;PA0597;PA2104;PA3556;PA0195;PA4773;PA2105;PA1180;PA3559;PA5452	PA0997;PA0998;PA0088;PA4130;PA0782;PA1602;PA4125;PA0080;PA5174;PA0494;PA3195;PA1002;PA1555;PA4128;PA4123;PA0090;PA4121;PA1556;PA0996;PA0091;PA0089;PA1000;PA4122;PA0084;PA0072;PA0085;PA0865;PA0083;PA0999;PA2685;PA2536;PA2950;PA1001;PA4133;PA0087
212	PA2652;PA1657;PA4496;PA2592;PA0997;PA4310;PA3333;PA2193;PA3724;PA1094;PA1659;PA1905;PA0143;PA1658;PA1904;PA4211;PA3476;PA1003;PA1432	PA3914;PA3876;PA3253;PA3870;PA3175;PA3875;PA3877;PA3541;PA1972;PA0494;PA3547;PA3874;PA3872;PA3545
213	PA2339;PA2105;PA5501;PA2104;PA1393;PA2103	PA1449;PA1274;PA0836;PA2858;PA0749;PA3217;PA0551;PA5143;PA1674;PA5063
214	PA1274;PA0510;PA1277;PA4193;PA0326;PA1278;PA3392;PA3874;PA0782;PA2000;PA0518;PA3877;PA3875;PA1999;PA4812;PA0519;PA3872;PA5508	PA4208;PA4774;PA4206;PA3600;PA1927;PA2412;PA2570;PA1249;PA3236;PA3929;PA0609;PA4205;PA3930;PA4207
215	PA3187;PA4733;PA1092;PA1342;PA2232;PA3195;PA1737;PA3300;PA2513;PA1072;PA1074;PA0195;PA3182;PA3937;PA1339;PA1340;PA3570;PA1094;PA1338;PA0283;PA2514;PA1341;PA3183;PA3181;PA2862;PA3193;PA3569	PA0999;PA3476;PA0997;PA3333;PA1698;PA3910;PA1518;PA0441;PA0681;PA0998;PA3600;PA1927;PA0686;PA1001;PA4133;PA1692;PA0683;PA0996;PA1693
216	PA2001;PA0782;PA2682;PA1984;PA5172;PA2512;PA0872;PA2008;PA5302;PA0870;PA1317;PA2009;PA2513;PA2007;PA0447;PA1321;PA2247;PA5171;PA1320;PA2508;PA2514;PA0865;PA4973;PA2000;PA5173;PA1319;PA1318;PA1999;PA5304	PA3553;PA1662;PA3582;PA3559;PA4217;PA4110;PA1179;PA3552;PA4774;PA3584;PA3557;PA1905;PA4351;PA3556;PA4773;PA2019;PA1180;PA4777;PA3554;PA3555;PA2412;PA0130;PA4776;PA3333;PA1659;PA3558;PA4133;PA1903;PA4290;PA4211;PA1081;PA1660;PA5355
217	PA4973;PA5353;PA3540;PA5522;PA3250;PA5020;PA1984;PA0602;PA0266;PA5355	PA1657;PA3651;PA2638;PA3601;PA5541;PA3600;PA3364;PA2637;PA0263;PA4065;PA0130;PA4064;PA3182;PA5501;PA5445;PA2643;PA5508
218	PA4774;PA4193;PA3553;PA2536;PA3211;PA2541;PA4375;PA0444;PA1320;PA4776;PA4773;PA4777	PA3151;PA3476;PA0997;PA0523;PA3187;PA3724;PA0998;PA1000;PA1001;PA0518;PA2587;PA1432
219	PA0510;PA2711;PA5353;PA1124;PA3540;PA3547;PA3392;PA1580;PA1752;PA4180;PA1686;PA0887;PA3541;PA1984;PA4812;PA3551;PA1982;PA3542;PA3195;PA2105;PA3545	PA4211;PA1000;PA4130;PA0196;PA1061;PA1927;PA1101;PA4696;PA0195;PA5471;PA0174;PA1903;PA0173;PA5304;PA4217
220	PA4910;PA2944;PA5096;PA0231;PA2367;PA0106;PA0228;PA0226;PA4912;PA4911;PA0105;PA0113;PA0107;PA2366;PA2371;PA4909;PA2541;PA4913;PA5100;PA3316;PA2370;PA5098;PA0227;PA4908;PA1272;PA0112;PA2862;PA5094;PA3568;PA2368;PA5421;PA2365;PA2573;PA0108	PA0872;PA2008;PA4771;PA0524;PA2553;PA0870;PA2555;PA1966;PA2009;PA3600;PA2000;PA2007;PA1656;PA3832;PA4482;PA0865;PA3195;PA3478;PA3479
221	PA0228;PA4130;PA2682;PA2512;PA5435;PA1095;PA1179;PA3552;PA3584;PA2513;PA2509;PA3361;PA2813;PA2811;PA1180;PA3570;PA0447;PA2507;PA1094;PA0227;PA1927;PA2508;PA2514;PA2515;PA3569;PA2579	PA1874;PA0510;PA2204;PA3181;PA3392;PA0480;PA1072;PA2083;PA3182;PA4442
222	PA4225;PA0747;PA5096;PA2553;PA2001;PA2248;PA1070;PA5452;PA0872;PA2008;PA1179;PA2003;PA1946;PA0870;PA4073;PA2009;PA2007;PA2012;PA5100;PA1180;PA2011;PA5098;PA3570;PA4189;PA2247;PA3724;PA2014;PA4500;PA2249;PA2250;PA0865;PA2015;PA2555;PA2013;PA2000;PA1999;PA1562;PA3569;PA5106	PA2204;PA2536;PA2950;PA2413;PA2412;PA5174;PA2624;PA5445;PA3183;PA5508
223	PA4810;PA3872	PA4193;PA3446;PA2553;PA2248;PA2446;PA2682;PA5435;PA0132;PA1224;PA2445;PA1566;PA2012;PA5100;PA3570;PA2011;PA5098;PA2247;PA4192;PA2014;PA2249;PA2250;PA0130;PA2444;PA2514;PA4195;PA4194;PA2015;PA2555;PA2013;PA2000;PA3569;PA5106
224	PA4443;PA2204;PA0747;PA3446;PA0944;PA3931;PA0283;PA3938	PA5378;PA1447;PA5379;PA3629;PA5416;PA0523;PA1646;PA3628;PA5420;PA5421;PA0844;PA5415;PA5419;PA2408;PA3236;PA5376;PA5417;PA5418
225	PA1274;PA3187;PA2367;PA2408;PA1984;PA1092;PA5452;PA1087;PA1095;PA2366;PA4502;PA2445;PA2442;PA2370;PA4506;PA4163;PA1094;PA4500;PA2412;PA2444;PA2368;PA5415;PA1086;PA1073	PA4193;PA4192;PA1317;PA3558;PA2018;PA5304;PA1319;PA1318;PA1320;PA5471;PA2019;PA1384;PA5445;PA1321
226	PA2570;PA1438;PA0747;PA1685;PA1052	PA3639;PA0836;PA3977;PA1687;PA3976;PA5560;PA3104;PA1092;PA1905;PA1796;PA4044;PA4865;PA2666
227	PA3151;PA3607;PA3609;PA3608;PA3713;PA3610	PA0796;PA2950;PA4880;PA3112;PA1249;PA2815;PA2968;PA0102;PA5172;PA3551;PA1562;PA0854
228	PA0082;PA0095;PA0077;PA0088;PA0079;PA0080;PA0078;PA4771;PA0098;PA0090;PA0075;PA0091;PA0089;PA0084;PA0072;PA0085;PA0073;PA0074;PA0087;PA0083;PA2685;PA2536;PA0081;PA5304	PA4910;PA3553;PA4912;PA3600;PA3236;PA5538;PA3559;PA3097;PA1179;PA3552;PA4909;PA2513;PA4773;PA4811;PA1180;PA5417;PA4777;PA3554;PA4064;PA4776;PA5416;PA5420;PA3558;PA5541;PA5421;PA5418
229	PA1827;PA2473;PA0106;PA3415;PA0156;PA3417;PA1997;PA0387;PA3418;PA1931;PA0108;PA3526	PA2947;PA5316;PA4740;PA5560;PA3832;PA2744;PA1155;PA1581;PA4433;PA3139;PA4257;PA4256;PA1580;PA4272;PA5422;PA4748;PA1584;PA4456;PA4274;PA0609;PA4239;PA1556;PA3639;PA0432;PA0579;PA5557;PA1582;PA4255;PA4244;PA2444;PA5568;PA1156;PA4252;PA4240;PA4261;PA3822;PA4241
230	PA3584;PA0523;PA0524;PA1384;PA1224;PA3392;PA3874;PA0879;PA0518;PA3875;PA2232;PA0036;PA0519;PA3872;PA1256	PA2507;PA2891;PA5420;PA0228;PA4909;PA4912;PA0227;PA5421;PA2509;PA5155;PA4913;PA1249;PA3236;PA2508;PA1140;PA2889;PA2512;PA3333;PA5417
231	PA5498;PA3601;PA5541;PA3600;PA4065;PA1923;PA5539;PA2232;PA5538;PA2261	PA4443;PA4208;PA3870;PA3442;PA4193;PA3446;PA3935;PA3931;PA2594;PA3938;PA4442;PA4110;PA3584;PA5302;PA2596;PA4073;PA3443;PA3364;PA1904;PA2811;PA0281;PA3877;PA3937;PA2019;PA3874;PA4777;PA3914;PA1838;PA0283;PA3444;PA2598;PA3936;PA3876;PA3875;PA3872;PA0186;PA4205;PA4206;PA4211;PA4207
232	PA2634;PA2052;PA5177;PA1598;PA5313;PA5312;PA2806;PA5355	PA4283;PA0851;PA0363;PA3047;PA2629;PA4988;PA2343;PA5349;PA3350
233	PA1002;PA3151;PA0999;PA0997;PA1809;PA1317;PA3148;PA0998;PA1000;PA3152;PA3217;PA1001;PA2813;PA2811;PA1279;PA0766;PA0996;PA1808	PA4202;PA0844;PA3935;PA2570;PA3236;PA2594;PA3938;PA0519;PA2008;PA0523;PA3392;PA2009;PA3443;PA2007;PA3937;PA3874;PA5417;PA3379;PA3444;PA3936;PA3876;PA5497;PA3875;PA0186;PA5416;PA0524;PA5420;PA5415;PA1073;PA3569;PA2550
234	PA0091;PA0524;PA5366;PA3392;PA5367;PA4351;PA2018;PA2446;PA0090;PA5369;PA2444;PA2019;PA4517;PA5497;PA5106	PA3560;PA2513;PA4500;PA0480;PA4188;PA2512;PA4307
235	PA3719;PA1557;PA3742;PA4880;PA2813;PA2811;PA4812;PA2812;PA4688;PA2969	PA4208;PA0851;PA3557;PA3187;PA3751;PA3558;PA4205;PA1061;PA3364;PA1927;PA2570;PA3556;PA3366;PA1180
236	PA2020;PA5508;PA2566;PA4912;PA2513;PA4500;PA0108;PA0112	PA4443;PA3584;PA0609;PA5497;PA3540;PA4740;PA1555;PA5570;PA0849;PA4276;PA4670;PA5568;PA4748;PA3313;PA3745;PA4262;PA4865;PA4442;PA1556
237	PA2857;PA5541;PA3601;PA4880;PA3600;PA2914;PA4065;PA3541;PA1923;PA4064;PA5539;PA5489;PA5538	PA4225;PA4872;PA3582;PA4687;PA5435;PA0399;PA3584;PA4226;PA1566;PA4228;PA5445;PA3570;PA0604;PA0603;PA4230;PA2536;PA0605;PA0606;PA0887;PA1318;PA4290;PA2648;PA5355
238	PA0999;PA5213;PA4230;PA4208;PA2151;PA4470;PA0998;PA0679;PA3382;PA1001;PA3348;PA2442;PA3346;PA4687;PA1003;PA3212;PA3379;PA3479	PA2507;PA3531;PA0228;PA0227;PA2014;PA5139;PA2508;PA5471;PA2514;PA4517;PA2011
239	PA0202;PA3315;PA3486;PA0480	PA0768;PA0482;PA0232;PA2584;PA0773;PA3742;PA4069;PA4676;PA5313;PA5049;PA1799;PA5147;PA3170
240	PA0399;PA0083;PA4443;PA1179;PA2204;PA3446;PA3977;PA1493;PA1838;PA1180;PA3931;PA0283;PA1806;PA3444;PA3527;PA4470;PA5217;PA4442	PA2147;PA1927;PA2416;PA2570;PA3361;PA1217
241	PA4225;PA5353;PA4230;PA4224;PA1224;PA4226;PA5354;PA4376;PA2813;PA4228;PA5349;PA3569;PA3366;PA4231	PA2566;PA2007;PA2891;PA1927;PA1087
242	PA0872;PA2003;PA0870;PA2513;PA1927;PA2514;PA2512;PA3366	PA1667;PA3553;PA3187;PA1666;PA1662;PA3195;PA3559;PA1179;PA3552;PA0523;PA4774;PA3557;PA3392;PA3556;PA4456;PA3182;PA1696;PA4773;PA5445;PA1180;PA4777;PA3554;PA3555;PA4010;PA3193;PA4776;PA2321;PA3183;PA3181;PA0524;PA1659;PA3558;PA3194;PA0887;PA4290;PA1660
243	PA1095;PA1249;PA1092;PA4500;PA1087	PA4051;PA1130;PA1511;PA4193;PA4192;PA1224;PA2018;PA3361;PA2232;PA5471;PA5162;PA1326;PA2019;PA4195;PA4194;PA2105
244	PA1946;PA5366;PA1976;PA0677;PA3568;PA2108;PA4351;PA3232;PA0887;PA1668;PA2991;PA4290;PA1982;PA3379;PA1256	PA2616;PA2584;PA0098;PA3030;PA5080;PA5390;PA5349;PA2514;PA5568;PA5508
245	PA0997;PA0998;PA0782;PA1694;PA1984;PA1717;PA1382;PA1555;PA1557;PA1697;PA1690;PA1725;PA1696;PA1556;PA0996;PA1693;PA1719;PA1701;PA1695;PA1000;PA1723;PA1384;PA1703;PA0999;PA1722;PA1698;PA2948;PA4973;PA1724;PA1001;PA1716;PA1692	PA1874;PA4307;PA3584;PA0427;PA0524;PA1421;PA3601;PA1602;PA0266;PA4064;PA3582;PA1320;PA2253;PA4435;PA4688;PA5508
246	PA4225;PA4201;PA3514;PA4202;PA4901;PA4226;PA4158;PA4159;PA4231	PA2367;PA2413;PA2329;PA2446;PA0518;PA2408;PA2512;PA2317;PA2366;PA2513;PA2390;PA2445;PA2442;PA2389;PA2443;PA2011;PA2340;PA2327;PA2412;PA2272;PA2444;PA2373;PA2321;PA2265;PA2368;PA4206;PA2365;PA2407;PA2409
247	PA3584;PA0685;PA0678;PA1254;PA4812;PA1256	PA3151;PA3514;PA3156;PA3148;PA3512;PA1384;PA3506;PA0204;PA0205;PA3513;PA0206;PA0202;PA3505;PA3152;PA0203;PA3155;PA3504;PA3498;PA3158
248	PA4230;PA4208;PA4206;PA4207;PA1904;PA4228;PA1905;PA4205;PA4217	PA3151;PA4973;PA2944;PA4771;PA3156;PA3148;PA1384;PA4503;PA3506;PA1927;PA4504;PA2914;PA3155;PA3448;PA2084
249	PA3554;PA3555;PA4443;PA1179;PA3552;PA3553;PA4774;PA3557;PA4973;PA0283;PA3713;PA5173;PA3556;PA4776;PA5172;PA4777;PA4773;PA1180;PA3559	PA0997;PA4225;PA1661;PA4211;PA0998;PA1902;PA1217;PA3437;PA3541;PA5471;PA3582;PA1662;PA0494;PA4209;PA4217;PA1002;PA3584;PA0523;PA2193;PA3540;PA1905;PA1904;PA2019;PA5445;PA0996;PA3478;PA1000;PA2018;PA0865;PA3333;PA4205;PA3479;PA3183;PA0999;PA3476;PA4230;PA2194;PA1901;PA0793;PA0887;PA1668;PA1001;PA1903;PA4290;PA2195;PA1660;PA4207
250	PA5110;PA0134;PA3540;PA5322;PA5323;PA2412;PA3541;PA3551;PA2569;PA3542;PA3547;PA2105;PA3545	PA5302;PA4073;PA4812;PA0603;PA3182;PA4811;PA5304;PA4307
251	PA1581;PA1554;PA1667;PA1661;PA4208;PA1657;PA1659;PA1666;PA4206;PA3232;PA1658;PA1656;PA1662;PA1320;PA4207;PA2648;PA1660;PA3479;PA2969	PA4121;PA3936;PA3442;PA3446;PA3540;PA3937;PA3445;PA5541;PA3443;PA3541;PA3444;PA3447;PA0494;PA3938;PA5538;PA3545;PA5508
252	PA1874;PA4208;PA3452;PA3187;PA2413;PA2570;PA1249;PA1092;PA3584;PA1317;PA2416;PA2164;PA3182;PA2290;PA2153;PA1321;PA2160;PA2531;PA1927;PA2412;PA1320;PA3346;PA4470;PA3181;PA1319;PA1318;PA1931;PA4207;PA5304	PA3537;PA2685;PA4430;PA4771
253	PA0282;PA4443;PA2204;PA2203;PA4193;PA4192;PA3446;PA1838;PA0280;PA3443;PA3935;PA3931;PA0283;PA0281;PA3444;PA3937;PA4969;PA3938;PA2105;PA4442	PA1667;PA1661;PA3553;PA0082;PA1666;PA0095;PA0077;PA0088;PA3600;PA1670;PA0079;PA0078;PA0080;PA1662;PA3559;PA1657;PA1179;PA3552;PA4774;PA3557;PA3294;PA3556;PA0090;PA4773;PA0075;PA1180;PA3554;PA3555;PA0091;PA0089;PA2018;PA0084;PA0072;PA0085;PA1024;PA1656;PA0074;PA0087;PA0083;PA2685;PA1511;PA2536;PA1659;PA3558;PA1658;PA0263;PA1668;PA1660;PA0081
254	PA4385;PA5436;PA3187;PA4761;PA2013;PA2014;PA4130;PA2000;PA2570;PA4759;PA2445;PA5429;PA3337;PA4133;PA2444;PA1999;PA2512;PA5435;PA2011	PA3553;PA0106;PA0105;PA3559;PA3552;PA4774;PA3557;PA0196;PA3556;PA0195;PA4773;PA4777;PA3554;PA3555;PA1976;PA1024;PA4776;PA1982;PA2948;PA2634;PA2862;PA3558;PA0108
255	PA1586;PA1871;PA4211;PA0106;PA3417;PA1902;PA2248;PA3416;PA1249;PA2815;PA0105;PA1092;PA5172;PA1562;PA1342;PA0175;PA4217;PA0872;PA0107;PA1930;PA0178;PA1174;PA3477;PA1904;PA3418;PA1173;PA3478;PA0176;PA5171;PA3724;PA1061;PA0179;PA2249;PA2250;PA1337;PA3479;PA0177;PA1901;PA4133;PA5173;PA1903;PA1905;PA2573;PA0108	PA3540;PA3545;PA3877;PA2412;PA1856
256	PA2584;PA4918;PA5049;PA2550;PA2840;PA3742;PA4276;PA1927;PA4528;PA3745;PA0494;PA5504;PA4687;PA1180;PA0316;PA4700	PA1871;PA4208;PA1901;PA3724;PA4206;PA3721;PA2570;PA1904;PA1903;PA4211;PA4205;PA4207
257	PA3914;PA2003;PA3870;PA5302;PA2812;PA2813;PA2811;PA3877;PA3875;PA3876;PA3195;PA3874	PA1719;PA5355;PA1701;PA2444;PA5453;PA2446;PA2445;PA5100;PA0958;PA3379;PA5106
258	PA5523;PA3792;PA3584;PA5163;PA4771;PA1701;PA1260;PA1698;PA5524;PA5522;PA1724;PA5313;PA2826;PA1693;PA1252;PA1692;PA1256	PA3555;PA4307;PA4613;PA3719;PA0773;PA3557;PA3925;PA4206;PA4205;PA3721;PA5435;PA0204;PA3364;PA2000;PA3556;PA0203;PA0193;PA3366;PA2011
259	PA3870;PA3531;PA3601;PA0480;PA5429;PA4109;PA5388	PA3640;PA3047;PA3590;PA3861;PA2607;PA2648;PA5568
260	PA2947;PA2824;PA2944;PA1927	PA0997;PA1661;PA3553;PA4211;PA1666;PA2413;PA0998;PA1660;PA2408;PA1662;PA3559;PA1657;PA3552;PA4774;PA3557;PA2390;PA3556;PA2389;PA4773;PA0750;PA5445;PA0996;PA4777;PA3554;PA1000;PA3232;PA2412;PA1320;PA4776;PA4470;PA0999;PA1659;PA3558;PA0887;PA1001;PA4290;PA2407;PA2409
261	PA0510;PA0997;PA5243;PA0523;PA0524;PA4761;PA2413;PA2412;PA2446;PA2000;PA0996	PA1667;PA4443;PA3553;PA1809;PA3938;PA3559;PA1179;PA3552;PA4774;PA3557;PA1287;PA2513;PA3443;PA3364;PA3556;PA4773;PA3937;PA1180;PA4777;PA3554;PA2018;PA4500;PA0085;PA0130;PA4776;PA3444;PA2514;PA3936;PA1669;PA2685;PA3558;PA2357
262	PA4127;PA0997;PA1701;PA4163;PA1094;PA4128;PA0998;PA4122;PA0782;PA4125;PA4180;PA4123;PA4158;PA1092;PA4133;PA1086;PA4124;PA4121;PA4138	PA3555;PA4225;PA3552;PA0427;PA3553;PA3557;PA4189;PA4230;PA4224;PA4073;PA3568;PA0293;PA1024;PA4226;PA3556;PA4228;PA1320;PA4231;PA4188;PA3569;PA3570
263	PA5154;PA1260;PA3517;PA2862;PA1525;PA4912;PA4911;PA1752;PA5155;PA2445;PA0958	PA0997;PA0228;PA0998;PA3600;PA4759;PA1217;PA0242;PA5539;PA5538;PA5302;PA1317;PA4073;PA2811;PA4811;PA5445;PA0996;PA1321;PA0227;PA1000;PA0686;PA1320;PA4172;PA3333;PA0999;PA4385;PA3601;PA5541;PA1319;PA4065;PA1318;PA5304
264	PA4443;PA5500;PA3601;PA3742;PA3600;PA4065;PA0130;PA4064;PA4750;PA5501;PA5538	PA4910;PA0082;PA0077;PA0088;PA0079;PA4911;PA0078;PA0080;PA0090;PA0075;PA0091;PA0089;PA1976;PA4122;PA0084;PA0072;PA0085;PA1024;PA0074;PA1982;PA0083;PA2536;PA3568;PA4124;PA0087
265	PA2944;PA0296;PA4733;PA0204;PA3541;PA1984;PA2105;PA3545;PA0872;PA3687;PA3300;PA3540;PA1799;PA4192;PA1927;PA5429;PA0102;PA0603;PA1384;PA0865;PA3551;PA3542;PA3547	PA3553;PA2367;PA3452;PA2446;PA3559;PA5372;PA3552;PA4774;PA2366;PA3557;PA2371;PA3556;PA2811;PA2370;PA3182;PA4773;PA4777;PA3554;PA3555;PA0174;PA2360;PA0177;PA3181;PA3558;PA2368;PA4307
266	PA2265;PA5445;PA3584;PA0427;PA3181;PA3579;PA3194;PA2323;PA4696;PA5016;PA3582;PA2253;PA3182;PA0766;PA0494;PA2264;PA2290;PA2321;PA3183;PA5508	PA2553;PA2001;PA2248;PA2446;PA1984;PA0872;PA2008;PA0870;PA2009;PA4502;PA2445;PA2007;PA2012;PA5100;PA0195;PA2011;PA5098;PA2247;PA2014;PA2249;PA2250;PA0130;PA2444;PA0865;PA4973;PA2015;PA2555;PA2013;PA2000;PA4133;PA1999;PA1073;PA5304;PA5106
267	PA5171;PA2019;PA2513;PA2514;PA5313;PA3348;PA0266;PA5471;PA5312;PA2512;PA5304;PA2776	PA3914;PA0794;PA3181;PA3187;PA1856;PA3194;PA2323;PA3364;PA4500;PA1073;PA3541;PA1070;PA1984;PA3182;PA2321;PA3193;PA3183;PA3195;PA2263;PA1393;PA3545
268	PA0999;PA0997;PA2566;PA0998;PA1000;PA3352;PA0996;PA3348;PA1786;PA5524;PA3366	PA4414;PA3925;PA1317;PA2013;PA4206;PA2014;PA2446;PA0281;PA4375;PA4486;PA2012;PA2444;PA3937;PA5075;PA2857;PA2011
269	PA1661;PA4236;PA2646;PA2446;PA1984;PA2644;PA2008;PA2009;PA2007;PA2445;PA2442;PA2443;PA1656;PA2641;PA2444;PA0865;PA2642;PA3531;PA2649;PA2640;PA3524;PA5415;PA2645;PA2648;PA2647	PA4225;PA3553;PA2413;PA2408;PA3559;PA3552;PA4774;PA3557;PA1317;PA4226;PA3556;PA3929;PA4228;PA4773;PA4707;PA4777;PA3554;PA3555;PA2412;PA1320;PA4776;PA4708;PA4470;PA5217;PA4231;PA4230;PA4224;PA3558;PA1319;PA1318;PA2407;PA2409
270	PA3568;PA3579;PA2685;PA3584;PA3582	PA0510;PA4443;PA2203;PA4193;PA3446;PA3187;PA3935;PA3931;PA0518;PA3541;PA3938;PA0519;PA4442;PA3545;PA2008;PA0523;PA1856;PA3540;PA4761;PA3392;PA1317;PA2009;PA3443;PA2007;PA2445;PA0281;PA3937;PA0024;PA1838;PA0280;PA0283;PA1320;PA3444;PA2444;PA2598;PA4195;PA2321;PA3183;PA4505;PA2204;PA0282;PA4973;PA0524;PA5415;PA1319;PA1318;PA3551;PA3547
271	PA4588;PA4910;PA4443;PA2862;PA3194;PA4909;PA4912;PA1927;PA1736;PA4908;PA4913;PA3182;PA1982;PA3195;PA3183;PA2550	PA1871;PA4130;PA0782;PA2446;PA5172;PA3366;PA0872;PA0132;PA5372;PA5302;PA0870;PA1317;PA2009;PA4880;PA3361;PA2445;PA2007;PA5445;PA1321;PA3724;PA0130;PA1320;PA0865;PA4969;PA1511;PA2000;PA4133;PA1319;PA5173;PA1999;PA1318;PA0266;PA5304
272	PA3310;PA1124;PA1725;PA0263;PA2104;PA1384;PA2105;PA2103	PA5304;PA0997;PA0363;PA3316
273	PA1258;PA0342;PA3361;PA3437;PA1432;PA1931;PA0684;PA0173;PA0175;PA4811	PA1585;PA3639;PA3300;PA0432;PA5171;PA4206;PA2014;PA4503;PA5554;PA5429;PA2826;PA2815;PA0500;PA4068;PA2365;PA4269;PA0009;PA4954;PA4205;PA2011;PA4207
274	PA1667;PA1661;PA1666;PA0051;PA1660;PA3471;PA3366;PA3861;PA3300;PA4693;PA3364;PA5100;PA0604;PA2249;PA2444;PA5217;PA4205;PA1659;PA4430;PA1668;PA2645;PA4207;PA4429;PA5106	PA5372;PA5379;PA5416;PA4918;PA1260;PA5420;PA4909;PA5418;PA5421;PA5419;PA3236;PA5072;PA5417;PA3526;PA1256
275	PA0747;PA2059;PA0838;PA2014;PA4158;PA0102;PA3498;PA2105;PA3814	PA4374;PA1792;PA0403;PA5184;PA3361;PA5199;PA4068;PA5230;PA5443;PA4314;PA5358;PA1459
276	PA0768;PA0999;PA1274;PA0997;PA3818;PA3607;PA3608;PA5118;PA1529;PA1317;PA1966;PA0998;PA1000;PA0654;PA1001;PA4939;PA0357	PA3151;PA3159;PA1095;PA3514;PA3158;PA3156;PA5025;PA3148;PA1094;PA0206;PA3152;PA3513;PA0202;PA1249;PA1092;PA0203;PA3155;PA1384;PA3498;PA1393
277	PA1874;PA1871;PA2553;PA0106;PA3187;PA3417;PA2248;PA3416;PA2570;PA1092;PA0175;PA2232;PA0872;PA2003;PA0178;PA1174;PA2513;PA3418;PA3478;PA0176;PA2247;PA0179;PA2249;PA2250;PA3479;PA2566;PA2363;PA2573;PA5106	PA4443;PA3446;PA2904;PA3600;PA2412;PA0283;PA0281;PA3523;PA2905;PA3444;PA4442;PA5508
278	PA1555;PA1224;PA4952;PA0203;PA4750;PA1556;PA4418;PA5332;PA4977	PA5523;PA0157;PA1179;PA2711;PA3975;PA3916;PA4733;PA5192;PA3918;PA1683;PA4412;PA4939;PA3618;PA5063;PA4687;PA5435;PA3861
279	PA2639;PA3584;PA2018;PA0263;PA4133;PA5429;PA2648;PA3478;PA2321;PA3479	PA3013;PA4911;PA1070;PA1457;PA0651;PA4452;PA5137;PA5435;PA1071;PA0196;PA1736;PA4228;PA3014;PA1104;PA4435;PA2011;PA2014;PA1460;PA1982;PA3875;PA4908;PA4453;PA2013;PA4454;PA1081;PA1073
280	PA4163;PA2444;PA2513;PA2446;PA5415;PA2445;PA2442;PA0958;PA2514;PA2105	PA0510;PA0997;PA4225;PA4211;PA0082;PA0077;PA0998;PA1254;PA0518;PA0078;PA3582;PA0080;PA1717;PA0494;PA0519;PA1002;PA3584;PA0523;PA3579;PA3392;PA1525;PA1725;PA4226;PA2691;PA0090;PA4228;PA0996;PA0091;PA0089;PA1000;PA0084;PA0085;PA1723;PA1716;PA0083;PA0999;PA2685;PA4230;PA0524;PA1421;PA5139;PA1001;PA1905;PA0087;PA1692
281	PA3584;PA2685;PA2444;PA2531;PA2412;PA2446;PA5415;PA2445;PA2408;PA2442;PA2407;PA2409	PA4225;PA4230;PA3187;PA4733;PA4224;PA0504;PA0480;PA4226;PA1904;PA4228;PA4211;PA4231
282	PA3553;PA0678;PA3559;PA1179;PA3552;PA0523;PA4774;PA3557;PA3556;PA3929;PA4773;PA3379;PA3930;PA4777;PA3554;PA3159;PA3555;PA1180;PA0686;PA3121;PA4971;PA0524;PA3531;PA3558;PA3120;PA4430	PA4225;PA1871;PA0228;PA1902;PA2512;PA4217;PA5508;PA0107;PA3761;PA2513;PA2509;PA4226;PA3361;PA1904;PA4228;PA3570;PA2507;PA3724;PA0227;PA2508;PA2514;PA3333;PA4231;PA4230;PA4224;PA4234;PA2607;PA1903;PA1905;PA3569
283	PA1375;PA0510;PA0098;PA1555;PA1557;PA1224;PA0088;PA4351;PA2813;PA0078;PA3498;PA1556	PA2948;PA2944;PA3719;PA4613;PA3187;PA0106;PA4771;PA2444;PA4973;PA3721;PA2904;PA0849;PA2446;PA1927;PA5415;PA2445;PA2442;PA0958;PA2443;PA5452
284	PA2507;PA3629;PA3300;PA4230;PA4172;PA3459;PA3187;PA3540;PA1317;PA2513;PA2514;PA3541;PA2815;PA4228;PA4786;PA2508;PA2512;PA3547;PA3545	PA0518;PA1662;PA1092;PA3523;PA0494;PA0519;PA4209;PA4217;PA1657;PA1095;PA4771;PA5302;PA1555;PA1557;PA3392;PA3361;PA1556;PA1094;PA1000;PA0262;PA1421;PA4211;PA5304
285	PA4443;PA0082;PA0106;PA0095;PA0077;PA0079;PA0088;PA0080;PA0078;PA0098;PA2541;PA0090;PA0075;PA0081;PA0091;PA0089;PA0084;PA0085;PA0074;PA5039;PA0083;PA3476;PA2685;PA3426;PA2365;PA4812;PA0087	PA0997;PA2553;PA0998;PA2248;PA2512;PA0872;PA2008;PA0870;PA1317;PA2009;PA2513;PA2007;PA2012;PA2507;PA2247;PA2014;PA4122;PA2249;PA2250;PA2508;PA2514;PA0865;PA0999;PA2015;PA2555;PA2013;PA2000;PA1001;PA1999;PA5304
286	PA2553;PA2248;PA0976;PA2446;PA1070;PA1984;PA2008;PA0795;PA1071;PA2009;PA2513;PA4502;PA4504;PA1072;PA2445;PA2007;PA2442;PA5100;PA3570;PA5098;PA2247;PA0954;PA2014;PA3232;PA3004;PA4500;PA2249;PA2250;PA2444;PA0865;PA4973;PA3568;PA2000;PA5415;PA1999;PA1073;PA3569;PA5106	PA1002;PA4124;PA0180;PA0997;PA1701;PA0999;PA4127;PA4969;PA4128;PA0998;PA1000;PA4122;PA4125;PA1001;PA4123;PA1696;PA4121;PA1003;PA0996;PA5508
287	PA5372;PA0265;PA1317;PA5373;PA1319;PA0130;PA5312;PA0266;PA3333;PA5332	PA0997;PA0998;PA4236;PA4024;PA2446;PA1694;PA4125;PA1984;PA1717;PA0519;PA0523;PA1690;PA1697;PA1725;PA2445;PA1696;PA4121;PA2443;PA0996;PA1693;PA1719;PA1701;PA1695;PA1000;PA1723;PA3444;PA2444;PA1703;PA0999;PA1691;PA1722;PA1698;PA3459;PA0524;PA1724;PA1001;PA5415;PA1716;PA1073;PA1692
288	PA2634;PA3540;PA3551;PA0854;PA4205;PA3545	PA2652;PA1920;PA0773;PA3628;PA3935;PA1694;PA4415;PA1092;PA3938;PA3526;PA1078;PA1725;PA1080;PA1180;PA1693;PA1124;PA1079;PA1719;PA3629;PA1701;PA1502;PA1927;PA1723;PA4470;PA1722;PA4513;PA1724;PA1081;PA5106
289	PA0902;PA1382;PA2566;PA2061;PA1393;PA1384;PA1375;PA1087	PA4283;PA4626;PA0749;PA0205;PA3217;PA5215
290	PA1070;PA1984;PA5172;PA5452;PA1225;PA3300;PA5080;PA4502;PA0480;PA4504;PA1072;PA4506;PA3874;PA3914;PA4503;PA4500;PA1341;PA4205;PA3872;PA4496;PA1337;PA1073	PA4225;PA3442;PA3600;PA3935;PA4144;PA5539;PA1317;PA1417;PA4226;PA1923;PA1321;PA2018;PA1927;PA4064;PA1320;PA4230;PA1421;PA4224;PA3601;PA5541;PA0184;PA1319;PA4065;PA1318;PA0089;PA5106
291	PA0228;PA0226;PA0651;PA5172;PA2512;PA1555;PA1557;PA2513;PA2509;PA0609;PA1556;PA3570;PA5171;PA0227;PA3165;PA4055;PA3004;PA2412;PA2508;PA2514;PA0650;PA5173;PA3569;PA4054	PA0999;PA4640;PA0997;PA4613;PA2649;PA1856;PA1317;PA0998;PA1000;PA1927;PA1602;PA4504;PA4207;PA5499;PA0494;PA5445;PA4205;PA3814;PA5272
292	PA0399;PA0009;PA0420;PA1838;PA2413;PA1024;PA2412;PA2365;PA1609;PA2968;PA0750;PA2812;PA4676	PA3914;PA3870;PA0523;PA5302;PA0524;PA2000;PA2250;PA3875;PA5228;PA0865;PA3874;PA3872
293	PA2151;PA2015;PA2553;PA3158;PA1317;PA2555;PA2014;PA4130;PA0263;PA0597;PA1319;PA1249;PA1318;PA1092;PA5100;PA4839;PA1320;PA3170;PA5445;PA0865;PA5106	PA4588;PA0999;PA0997;PA1555;PA0998;PA1000;PA2513;PA1326;PA3025;PA1001;PA2408;PA4123;PA2407;PA4011;PA2409;PA4217
294	PA3553;PA0082;PA0095;PA0080;PA3559;PA3584;PA3552;PA4774;PA3557;PA4880;PA3556;PA4228;PA4773;PA4777;PA0081;PA3555;PA0084;PA4776;PA0083;PA4230;PA4316;PA0087	PA3151;PA4193;PA1260;PA3568;PA2904;PA1927;PA2446;PA1254;PA5415;PA2445;PA3541;PA4829;PA2444;PA1073;PA1256
295	PA0872;PA0895;PA2008;PA3584;PA1087;PA3479;PA1421;PA2009;PA3522;PA0263;PA2007;PA1092;PA3582;PA1692;PA4773;PA0865;PA5304;PA4749;PA5508	PA3151;PA2147;PA4973;PA3187;PA3148;PA3152;PA4122;PA3364;PA1927;PA3155;PA4969
296	PA0999;PA0997;PA1260;PA5176;PA0998;PA1525;PA1000;PA0108;PA1001;PA4913;PA0996;PA0105;PA0112;PA0113;PA1256	PA4307;PA4121;PA2649;PA1659;PA0898;PA3601;PA2011;PA2570;PA5429;PA2514;PA4676;PA4688
297	PA0427;PA1511;PA4774;PA5281;PA2903;PA2104;PA2907	PA4211;PA4733;PA1902;PA2248;PA1217;PA1984;PA3356;PA4217;PA1514;PA3392;PA3877;PA3914;PA2250;PA1140;PA0865;PA3875;PA0524;PA2000;PA1999;PA1903;PA2407;PA2409;PA1073
298	PA2947;PA1078;PA1338;PA1927;PA1498;PA1077;PA1081;PA0865;PA1337;PA1079	PA0997;PA0998;PA4912;PA4130;PA3236;PA2512;PA0175;PA3545;PA0196;PA4375;PA5230;PA0996;PA5417;PA1932;PA1000;PA4500;PA0174;PA5416;PA0999;PA5420;PA0403;PA1001;PA4133;PA5173;PA3475
299	PA2652;PA1375;PA4443;PA2003;PA5353;PA2862;PA1608;PA5373;PA1927;PA4517;PA1464;PA4442;PA1890;PA5355	PA0997;PA4211;PA0998;PA1902;PA3541;PA5435;PA4209;PA4217;PA1179;PA1174;PA0681;PA1904;PA0684;PA0996;PA0447;PA1976;PA1000;PA1501;PA4969;PA4205;PA4206;PA1903;PA1905;PA5310;PA4207
