p-value	side	q-value	pathway	feature
3.409785414141886e-12	pos	2.1140669567679694e-10	Citrate cycle (TCA cycle) PAO1	0.0
0.001474336644327719	pos	0.024929692349541427	2-Oxocarboxylic acid metabolism PAO1	0.0
7.997320512576929e-10	pos	3.718754038348271e-08	RNA degradation PAO1	0.0
1.0885777926184467e-09	pos	4.049509388540622e-08	Oxidative phosphorylation PAO1	0.0
4.317925730315604e-26	pos	8.031341858387024e-24	Ribosome, bacteria	0.0
0.0008535850130571499	pos	0.015876681242862987	Pyrimidine metabolism PAO1	0.0
7.27486627983484e-20	pos	6.765625640246401e-18	Ribosome PAO1	0.0
1.1718175999763715e-07	pos	3.6326345599267517e-06	Purine metabolism PAO1	0.0
0.000189760658934945	pos	0.00392172028465553	Aminoacyl-tRNA biosynthesis PAO1	0.0
0.00018768276272887477	pos	0.00392172028465553	Thiamine metabolism PAO1	0.0
4.57474479505486e-05	pos	0.0012155750455431485	Glycolysis / Gluconeogenesis PAO1	0.0
1.4597837523176562e-05	pos	0.0004525329632184734	Lipopolysaccharide biosynthesis PAO1	1.0
2.1927543352078962e-06	pos	0.00013595076878288956	Terpenoid backbone biosynthesis PAO1	1.0
0.00025041458257640754	pos	0.0066538731941731145	Folate biosynthesis PAO1	1.0
7.671544804004578e-07	pos	7.134536667724257e-05	One carbon pool by folate PAO1	1.0
2.0130571280729729e-07	pos	3.744286258215729e-05	Protein export PAO1	1.0
0.0013450770840500092	pos	0.03127304220416271	Pyrimidine metabolism PAO1	1.0
6.841391971540104e-06	pos	0.0003181247266766148	Purine metabolism PAO1	1.0
9.813997612010518e-06	pos	0.00036508071116679125	Fatty acid biosynthesis PAO1	1.0
0.0001327224960904759	pos	0.024686384272828515	Pentose and glucuronate interconversions PAO1	2.0
6.858296561162447e-09	pos	1.275643160376215e-06	Spermidine/putrescine transport system	3.0
9.879708859610142e-15	pos	1.8376258478874863e-12	Bacterial chemotaxis PAO1	4.0
5.08046091067436e-14	pos	3.1498857646181034e-12	Flagellar assembly PAO1	5.0
4.486607302442418e-07	pos	1.3908482637571496e-05	Type VI secretion system	5.0
2.878603440735703e-05	pos	0.0006692752999710509	RNA degradation PAO1	5.0
3.8283102029514095e-12	pos	1.4241313954979243e-10	Oxidative phosphorylation PAO1	5.0
4.860909511709088e-13	pos	2.260322922944726e-11	Citrate cycle (TCA cycle) PAO1	5.0
5.518911135384892e-28	pos	1.0265174711815898e-25	Ribosome, bacteria	5.0
6.412538131487594e-07	pos	1.7039029892238462e-05	Peptidoglycan biosynthesis PAO1	5.0
0.0012336931937458457	pos	0.025496326004080812	Pyrimidine metabolism PAO1	5.0
4.0483253204325344e-18	pos	3.7649425480022566e-16	Ribosome PAO1	5.0
2.9973441110735014e-06	pos	9.291766744327855e-05	2-Oxocarboxylic acid metabolism PAO1	6.0
1.6790983554735584e-21	pos	1.5615614705904092e-19	Oxidative phosphorylation PAO1	6.0
2.714644055397491e-14	pos	1.6830793143464446e-12	Citrate cycle (TCA cycle) PAO1	6.0
0.0010525676383555337	pos	0.019577758073412926	Lipopolysaccharide biosynthesis PAO1	6.0
2.86113986610493e-29	pos	5.321720150955169e-27	Ribosome, bacteria	6.0
5.779335617093452e-06	pos	0.00015356520353991172	Peptidoglycan biosynthesis PAO1	6.0
2.766911591826063e-07	pos	1.0292911121592955e-05	Protein export PAO1	6.0
2.2173643839322375e-10	pos	1.0310744385284904e-08	Ribosome PAO1	6.0
0.00021259888381709992	pos	0.004393710265553398	Purine metabolism PAO1	6.0
2.829011717926905e-05	pos	0.0006577452244180054	Glycolysis / Gluconeogenesis PAO1	6.0
3.1791117599722394e-17	pos	5.913147873548365e-15	Type VI secretion system	7.0
8.631739024702858e-11	pos	8.027517292973657e-09	Quorum sensing PAO1	7.0
2.9279532326820938e-05	pos	0.0018153310042628983	Cyanoamino acid metabolism PAO1	7.0
0.0009553739165672403	pos	0.03553990969630134	Vanadium resistance, efflux pump MexGHI-OpmD	7.0
0.0009553739165672403	pos	0.03553990969630134	Citrate cycle, second carbon oxidation, 2-oxoglutarate => oxaloacetate	7.0
0.0010642697069391596	pos	0.02474427068633546	RNA degradation PAO1	8.0
0.0020545801363629226	pos	0.03474108230577305	Citrate cycle (TCA cycle) PAO1	8.0
8.28415605987936e-09	pos	5.136176757125203e-07	Citrate cycle (TCA cycle, Krebs cycle)	8.0
6.643109531935045e-28	pos	1.2356183729399184e-25	Ribosome, bacteria	8.0
5.578317245800543e-08	pos	2.5939175192972522e-06	Biosynthesis of siderophore group nonribosomal peptides PAO1	8.0
0.0007021705235464568	pos	0.021767286229940164	Iron complex transport system	8.0
0.0020545801363629226	pos	0.03474108230577305	Macrolide resistance, MacAB-TolC transporter	8.0
0.00030366397020994046	pos	0.011296299691809786	Pyrimidine metabolism PAO1	8.0
0.0016715010686417908	pos	0.03454435541859701	Zinc transport system	8.0
1.1081274271519563e-17	pos	1.0305585072513193e-15	Ribosome PAO1	8.0
0.0008647413528221243	pos	0.022977413089273587	Iron(III) transport system	8.0
0.00010958549593794829	pos	0.006794300748152794	Oxidative phosphorylation PAO1	9.0
2.956397647975099e-09	pos	5.498899625233683e-07	Bacterial chemotaxis PAO1	9.0
3.652800122248399e-05	pos	0.0033971041136910103	Arginine biosynthesis PAO1	9.0
5.535009442372615e-05	pos	0.0051475587814065315	Arginine biosynthesis PAO1	10.0
4.841704553820402e-06	pos	0.0009005570470105947	Methane metabolism PAO1	10.0
7.694106955809473e-27	pos	1.431103893780562e-24	Ribosome, bacteria	12.0
8.446741356177401e-08	pos	6.301974951141905e-06	Bacterial secretion system PAO1	12.0
1.0164475727648234e-07	pos	6.301974951141905e-06	Ribosome PAO1	12.0
1.73376931659875e-05	pos	0.0008062027322184187	Arginine biosynthesis PAO1	12.0
3.532257393836396e-06	pos	0.0003284999376267848	Cationic antimicrobial peptide (CAMP) resistance, arnBCADTEF operon	13.0
8.196610672067484e-05	pos	0.005081898616681841	Denitrification, nitrate => nitrogen	13.0
2.2477248435401255e-06	pos	0.0003284999376267848	Glycolysis / Gluconeogenesis PAO1	13.0
4.0763281487568866e-05	pos	0.00252732345222927	Amino sugar and nucleotide sugar metabolism PAO1	14.0
1.7624020828050065e-05	pos	0.001639033937008656	Glutamate/aspartate transport system	14.0
3.1309228574743135e-08	pos	5.823516514902223e-06	Propanoate metabolism PAO1	14.0
0.0003347145887633175	pos	0.008893844787139579	Mismatch repair PAO1	15.0
0.002349533422067642	pos	0.04855702405606461	Glycine, serine and threonine metabolism PAO1	15.0
0.0001918829341035699	pos	0.005948370957210667	Pantothenate biosynthesis, valine/L-aspartate => pantothenate	15.0
0.00017462177099743028	pos	0.005948370957210667	Pentose phosphate pathway PAO1	15.0
3.4638228216716627e-07	pos	3.221355224154646e-05	Pyrimidine metabolism PAO1	15.0
3.020019033017585e-09	pos	5.617235401412708e-07	Cysteine and methionine metabolism PAO1	15.0
9.844037083647286e-06	pos	0.00045774772438959875	Purine metabolism PAO1	15.0
2.592890075151621e-06	pos	0.0001607591846594005	Arginine biosynthesis PAO1	15.0
0.0006389846744747837	pos	0.01485639368153872	Thiamine metabolism PAO1	15.0
0.00012425141310029266	pos	0.023110762836654433	Quorum sensing PAO1	16.0
0.0004302065306842255	pos	0.04000920735363297	Tyrosine metabolism PAO1	16.0
3.855158443437499e-06	pos	0.0003585297352396874	Oxidative phosphorylation PAO1	18.0
1.019656510193705e-18	pos	1.896561108960291e-16	Ribosome, bacteria	18.0
9.478777471949907e-05	pos	0.004407631524456707	Ribosome PAO1	18.0
1.4821237547111609e-05	pos	0.0009189167279209198	Pantothenate and CoA biosynthesis PAO1	18.0
0.00025744290601588306	pos	0.015961460172984752	Aminoglycoside resistance, protease FtsH	19.0
3.168891065880842e-30	pos	5.894137382538366e-28	Ribosome, bacteria	19.0
1.4389481519331872e-15	pos	1.338221781297864e-13	Ribosome PAO1	19.0
6.7235527104566405e-18	pos	1.250580804144935e-15	Starch and sucrose metabolism PAO1	20.0
5.4229886196300335e-05	pos	0.0050433794162559305	Multidrug resistance, efflux pump TriABC-TolC	20.0
0.0005432312172015741	pos	0.033680335466497596	Glycolysis / Gluconeogenesis PAO1	20.0
0.0005950490025070876	pos	0.022135822893263657	Citrate cycle (TCA cycle) PAO1	21.0
1.633441102408214e-05	pos	0.0007595501126198195	RNA degradation PAO1	21.0
6.812808749034669e-12	pos	4.2239414244014953e-10	Oxidative phosphorylation PAO1	21.0
0.0011726293024860671	pos	0.03115843575177264	Cationic antimicrobial peptide (CAMP) resistance PAO1	21.0
8.784588770663951e-37	pos	1.6339335113434948e-34	Ribosome, bacteria	21.0
1.405034390474197e-22	pos	1.3066819831410031e-20	Ribosome PAO1	21.0
0.0010634566935218063	pos	0.03115843575177264	Purine metabolism PAO1	21.0
5.434615597417742e-10	pos	1.0108385011196999e-07	Flagellar assembly PAO1	24.0
0.00033579291169219967	pos	0.015614370393687283	Bacterial chemotaxis PAO1	24.0
6.23519049285278e-05	pos	0.005798727158353084	Degradation of aromatic compounds PAO1	24.0
0.00024205490679928557	pos	0.015007404221555706	Arginine biosynthesis PAO1	24.0
4.144599419832946e-05	pos	0.0038544774604446393	Ribosome, bacteria	25.0
1.1155927120427694e-08	pos	2.075002444399551e-06	Methane metabolism PAO1	25.0
0.00016152429112871634	pos	0.010014506049980413	Arginine biosynthesis PAO1	25.0
2.1347252168512647e-07	pos	1.985294451671676e-05	Denitrification, nitrate => nitrogen	27.0
2.1347252168512647e-07	pos	1.985294451671676e-05	Phospholipid transport system	27.0
8.961717823626467e-09	pos	1.6668795151945228e-06	Phosphonate and phosphinate metabolism PAO1	28.0
0.0015863626143848431	pos	0.04917724104593014	Quorum sensing PAO1	28.0
8.62062166142203e-06	pos	0.0005344785430081659	Phosphate transport system	28.0
8.62062166142203e-06	pos	0.0005344785430081659	Type II general secretion pathway	28.0
0.00031291159298354034	pos	0.014550389073734625	Aminobenzoate degradation PAO1	28.0
0.0015359919339096447	pos	0.04917724104593014	Phosphonate transport system	28.0
0.00012992840780870732	pos	0.0048333367704839125	gamma-Hexachlorocyclohexane transport system	29.0
0.00012992840780870732	pos	0.0048333367704839125	Multidrug resistance, efflux pump TriABC-TolC	29.0
1.3928656780257626e-09	pos	1.2953650805639592e-07	Peptidoglycan biosynthesis PAO1	29.0
1.4268237126144129e-05	pos	0.000884630701820936	Bacterial secretion system PAO1	29.0
9.329448074386888e-13	pos	1.7352773418359611e-10	Bacterial chemotaxis PAO1	29.0
0.0005001048902825968	pos	0.0155032515987605	Arginine biosynthesis PAO1	29.0
2.6304287171859288e-05	pos	0.004892597413965827	Ribosome, bacteria	30.0
7.54107897588391e-05	pos	0.007013203447572035	Pentose phosphate pathway PAO1	30.0
0.000989372287238175	pos	0.018402324542630053	2-Oxocarboxylic acid metabolism PAO1	31.0
0.00037273520974194724	pos	0.00770319433466691	RNA degradation PAO1	31.0
1.9175153034269865e-12	pos	8.916446160935487e-11	Oxidative phosphorylation PAO1	31.0
7.417672834758587e-14	pos	4.598957157550324e-12	Citrate cycle (TCA cycle) PAO1	31.0
9.040180102499572e-42	pos	1.6814734990649205e-39	Ribosome, bacteria	31.0
0.002454495201137346	pos	0.04150328249195876	Methane metabolism PAO1	31.0
6.306708866329688e-16	pos	5.86523924568661e-14	Ribosome PAO1	31.0
6.672817963374029e-06	pos	0.0001773063058839385	Cysteine and methionine metabolism PAO1	31.0
1.1957277587664994e-11	pos	4.4481072626113777e-10	Purine metabolism PAO1	31.0
4.579003190614595e-09	pos	1.4194909890905244e-07	Fatty acid biosynthesis PAO1	31.0
1.3649479083275686e-05	pos	0.0003173503886861597	Aminoacyl-tRNA biosynthesis PAO1	31.0
7.162494218945435e-05	pos	0.00444074641574617	Valine, leucine and isoleucine degradation PAO1	32.0
4.360193374789931e-06	pos	0.00040549798385546357	Ribosome, bacteria	32.0
1.3826379909377924e-06	pos	0.00025717066631442934	Glyoxylate and dicarboxylate metabolism PAO1	32.0
0.0007344515264363547	pos	0.03415199597929049	Tyrosine metabolism PAO1	32.0
9.895561832506952e-29	pos	1.8405745008462928e-26	Ribosome, bacteria	34.0
3.770662443714327e-15	pos	3.506716072654324e-13	Ribosome PAO1	34.0
0.0005319451679659414	pos	0.024735450310416275	Pantothenate and CoA biosynthesis PAO1	34.0
0.0001731514206443346	pos	0.010735388079948746	Glycolysis / Gluconeogenesis PAO1	34.0
1.6620778387131374e-06	pos	0.00015457323900032176	Dipeptide transport system	35.0
8.6115926203934e-13	pos	1.6017562273931723e-10	Valine, leucine and isoleucine degradation PAO1	35.0
0.0005741340857186264	pos	0.03559631331455484	Peptidoglycan biosynthesis PAO1	35.0
2.4700015870778576e-06	pos	0.00045942029519648145	Tryptophan biosynthesis, chorismate => tryptophan	36.0
5.8651705027952026e-05	pos	0.0052094732500054	Starch and sucrose metabolism PAO1	37.0
5.738514335674389e-10	pos	1.0673636664354363e-07	Quorum sensing PAO1	37.0
8.402376209686129e-05	pos	0.0052094732500054	Cyanoamino acid metabolism PAO1	37.0
2.2281407486393055e-15	pos	4.144341792469108e-13	Valine, leucine and isoleucine degradation PAO1	38.0
1.5725793888254753e-05	pos	0.0009749992210717947	Macrolide resistance, MacAB-TolC transporter	38.0
0.00029737557615480833	pos	0.013827964291198586	Zinc transport system	38.0
9.653867918676611e-08	pos	8.978097164369247e-06	Tyrosine metabolism PAO1	38.0
2.828234510891708e-06	pos	0.0001315129047564644	Styrene degradation PAO1	39.0
7.99176393729665e-19	pos	1.4864680923371767e-16	Valine, leucine and isoleucine degradation PAO1	39.0
0.0016959738518905025	pos	0.045064448064519064	gamma-Hexachlorocyclohexane transport system	39.0
6.940437432488999e-05	pos	0.0025818427248859074	Ribosome, bacteria	39.0
3.1338546907423016e-08	pos	1.9429899082602273e-06	Biosynthesis of siderophore group nonribosomal peptides PAO1	39.0
1.0446220747345898e-08	pos	9.714985295031685e-07	Histidine metabolism PAO1	39.0
0.001264901980805489	pos	0.03921196140497016	Aminobenzoate degradation PAO1	39.0
2.381936737516341e-10	pos	4.430402331780394e-08	Denitrification, nitrate => nitrogen	40.0
5.521548139052995e-06	pos	0.0003423359846212857	Flagellar assembly PAO1	41.0
3.421516221805335e-05	pos	0.0015910050431394806	Peptidoglycan biosynthesis PAO1	41.0
7.073423870713702e-08	pos	1.3156568399527484e-05	Bacterial chemotaxis PAO1	41.0
3.5464407678375705e-06	pos	0.00032981899140889406	Glycolysis / Gluconeogenesis PAO1	41.0
0.0002691327937659858	pos	0.01251467491011834	Type II general secretion pathway	42.0
6.940437432488999e-05	pos	0.00833922493843861	Valine, leucine and isoleucine biosynthesis PAO1	42.0
8.966908535955495e-05	pos	0.00833922493843861	Fatty acid degradation PAO1	42.0
0.0002691327937659858	pos	0.01251467491011834	Arginine biosynthesis PAO1	42.0
6.659498571406463e-05	pos	0.004128889114272007	Hemophore/metalloprotease transport system	44.0
2.973133078205512e-08	pos	2.7650137627311257e-06	Type VI secretion system	44.0
2.765853643630731e-10	pos	5.144487777153159e-08	Quorum sensing PAO1	44.0
0.00012445842591560024	pos	0.023149267220301643	Ribosome, bacteria	45.0
0.0004372251797877211	pos	0.040661941720258055	Urea transport system	46.0
0.00017966854002296692	pos	0.03341834844427184	Glycerolipid metabolism PAO1	46.0
6.849514671365717e-05	pos	0.012740097288740234	Styrene degradation PAO1	47.0
5.066010023910518e-08	pos	4.711389322236782e-06	Biosynthesis of siderophore group nonribosomal peptides PAO1	49.0
3.3085587716994484e-08	pos	4.711389322236782e-06	Quorum sensing PAO1	49.0
5.528252149901735e-06	pos	0.0003427516332939076	Phenylalanine metabolism PAO1	49.0
1.4612374080899092e-06	pos	6.794753947618077e-05	Citrate cycle (TCA cycle) PAO1	50.0
5.733313618561902e-22	pos	1.0663963330525137e-19	Flagellar assembly PAO1	50.0
4.438918396512887e-07	pos	2.75212940583799e-05	Cationic antimicrobial peptide (CAMP) resistance PAO1	50.0
4.222269365116731e-08	pos	3.92671050955856e-06	Bacterial chemotaxis PAO1	50.0
0.0005799229591114884	pos	0.035955223464912284	gamma-Hexachlorocyclohexane transport system	51.0
2.6729422580161563e-06	pos	0.0002485836299955025	Ribosome, bacteria	51.0
5.62286888005509e-35	pos	1.0458536116902466e-32	Type III secretion system	51.0
1.4695337507305636e-08	pos	2.733332776358848e-06	Biosynthesis of siderophore group nonribosomal peptides PAO1	52.0
0.0002726515757310416	pos	0.012678298271493435	Citrate cycle (TCA cycle) PAO1	53.0
2.6603211237127578e-05	pos	0.004948197290105729	Amino sugar and nucleotide sugar metabolism PAO1	53.0
7.032161275209367e-05	pos	0.006539909985944711	Cationic antimicrobial peptide (CAMP) resistance, arnBCADTEF operon	53.0
0.0002726515757310416	pos	0.012678298271493435	Methane metabolism PAO1	53.0
2.85680494136802e-05	pos	0.0017712190636481725	Oxidative phosphorylation PAO1	54.0
9.370989264490041e-05	pos	0.004357510007987869	Citrate cycle (TCA cycle, Krebs cycle)	54.0
4.0121862332082866e-25	pos	7.462666393767412e-23	Ribosome, bacteria	54.0
0.0002480645669781532	pos	0.0092280018915873	Pyrimidine metabolism PAO1	54.0
1.9167190554931175e-18	pos	1.7825487216085992e-16	Ribosome PAO1	54.0
5.345884516033221e-05	pos	0.00994334519982179	Valine, leucine and isoleucine biosynthesis PAO1	55.0
1.0895387907349154e-06	pos	0.00020265421507669425	Pentose phosphate pathway PAO1	56.0
0.00024778631574590355	pos	0.01536275157624602	Oxidative phosphorylation PAO1	57.0
1.3989377837127702e-05	pos	0.0013010121388528763	Quorum sensing PAO1	57.0
2.451959985270111e-07	pos	4.560645572602405e-05	Glycolysis / Gluconeogenesis PAO1	57.0
1.2553519830770637e-07	pos	4.669909377046677e-06	2-Oxocarboxylic acid metabolism PAO1	59.0
2.3186290025732667e-13	pos	1.4375499815954254e-11	Oxidative phosphorylation PAO1	59.0
4.653072773226008e-16	pos	4.3273576791001875e-14	Citrate cycle (TCA cycle) PAO1	59.0
1.6546897120437996e-22	pos	3.0777228644014673e-20	Ribosome, bacteria	59.0
4.5933759423736546e-10	pos	2.135919813203749e-08	Ribosome PAO1	59.0
7.589531939123937e-07	pos	2.3527549011284205e-05	Purine metabolism PAO1	59.0
0.0003889553298952439	pos	0.01033509876578791	Glycolysis / Gluconeogenesis PAO1	59.0
4.0763281487568866e-05	pos	0.007581970356687808	Flagellar assembly PAO1	60.0
0.0002604326591284449	pos	0.012110118649472687	Valine, leucine and isoleucine degradation PAO1	61.0
0.0006778319652941668	pos	0.02101279092411917	Glutamate/aspartate transport system	61.0
3.841967694858577e-06	pos	0.0006245498330515739	Pyruvate metabolism PAO1	61.0
0.00036600099317478255	pos	0.013615236946101911	Pentose phosphate pathway PAO1	61.0
6.715589602705096e-06	pos	0.0006245498330515739	Propanoate metabolism PAO1	61.0
1.4411790241818956e-05	pos	0.0008935309949927753	Arginine biosynthesis PAO1	61.0
4.2943895642807e-07	pos	7.987564589562101e-05	Glycine, serine and threonine metabolism PAO1	62.0
1.0058343128120119e-06	pos	9.35425910915171e-05	Glycine betaine/proline transport system	62.0
9.867357691535466e-06	pos	0.0006117761768751989	Methane metabolism PAO1	62.0
0.00019275593773396518	pos	0.00597543406975292	RNA degradation PAO1	63.0
9.940154249159146e-05	pos	0.004099800299448674	Lipopolysaccharide biosynthesis PAO1	63.0
2.4981731722056154e-18	pos	4.646602100302444e-16	Ribosome, bacteria	63.0
0.00011020968546905038	pos	0.004099800299448674	Terpenoid backbone biosynthesis PAO1	63.0
0.0003378327971961943	pos	0.008976700039784591	Folate biosynthesis PAO1	63.0
0.001632692305928558	pos	0.037960096112838966	Phosphate transport system	63.0
1.2977585652223799e-08	pos	1.2069154656568132e-06	Protein export PAO1	63.0
1.5522854815635428e-07	pos	9.624169985693966e-06	Ribosome PAO1	63.0
0.00010692017619748633	pos	0.009943576386366228	Sulfur relay system PAO1	64.0
1.891371847088436e-07	pos	3.517951635584491e-05	Nitrogen metabolism PAO1	64.0
3.865272952114447e-06	pos	0.000718940769093287	Peptidoglycan biosynthesis PAO1	65.0
1.9858518538008153e-14	pos	3.693684448069516e-12	Valine, leucine and isoleucine degradation PAO1	66.0
4.684570577598079e-05	pos	0.002904433758110809	C5-Branched dibasic acid metabolism PAO1	66.0
2.166065416535779e-10	pos	2.014440837378274e-08	Benzoate degradation PAO1	66.0
0.000863771574590105	pos	0.04016537821843988	Aminobenzoate degradation PAO1	66.0
1.401878525970768e-05	pos	0.0026074940583056283	Biotin metabolism PAO1	68.0
0.00012421539885308907	pos	0.007701354728891522	beta-Lactam resistance PAO1	68.0
0.00011229244039976676	pos	0.007701354728891522	Purine metabolism PAO1	68.0
3.465087476048765e-05	pos	0.006445062705450702	Spermidine/putrescine transport system	69.0
1.6556783887009812e-13	pos	3.079561802983825e-11	Type VI secretion system	70.0
0.00030570929903966676	pos	0.00947698827022967	Fatty acid metabolism PAO1	70.0
1.3605032882933738e-11	pos	1.2652680581128374e-09	Quorum sensing PAO1	70.0
8.82418080503655e-05	pos	0.0032825952594735964	Cyanoamino acid metabolism PAO1	70.0
6.711334457156921e-07	pos	3.1207705225779685e-05	Nitrogen metabolism PAO1	70.0
1.7153347786120943e-07	pos	1.0635075627394986e-05	Arginine biosynthesis PAO1	70.0
5.6476145876443215e-05	pos	0.010504563133018436	Porphyrin and chlorophyll metabolism PAO1	71.0
0.00015657241622495183	pos	0.014561234708920519	Citrate cycle (TCA cycle) PAO1	72.0
4.016422850987357e-05	pos	0.007470546502836483	Ribosome, bacteria	72.0
0.00041109792901110554	pos	0.019116053699016405	Phenazine biosynthesis PAO1	73.0
1.2930035909944674e-08	pos	1.2024933396248545e-06	Type VI secretion system	73.0
1.148747534655066e-17	pos	2.1366704144584225e-15	Quorum sensing PAO1	73.0
8.226405285804573e-06	pos	0.0005100371277198836	Cyanoamino acid metabolism PAO1	73.0
1.0522998105379467e-12	pos	1.9572776476005807e-10	Ribosome, bacteria	74.0
3.604907304808814e-24	pos	6.705127586944394e-22	Flagellar assembly PAO1	76.0
6.324483724914534e-07	pos	3.921179909447011e-05	Pyruvate metabolism PAO1	76.0
3.1885113740816736e-15	pos	2.965315577895956e-13	Bacterial chemotaxis PAO1	76.0
0.0008850833306506202	pos	0.04115637487525384	Methane metabolism PAO1	76.0
2.8393461163285457e-05	pos	0.0017603945921236984	RNA degradation PAO1	77.0
1.603332402142046e-09	pos	1.4910991339921027e-07	Fructose and mannose metabolism PAO1	77.0
4.887318918729081e-15	pos	9.09041318883609e-13	Ribosome, bacteria	77.0
5.317768998251089e-06	pos	0.00032970167789156754	Oxidative phosphorylation PAO1	78.0
3.310279857085338e-22	pos	6.157120534178729e-20	Ribosome, bacteria	78.0
9.999016579322089e-05	pos	0.004649542709384771	Bacterial secretion system PAO1	78.0
3.623710136498883e-06	pos	0.00032970167789156754	Ribosome PAO1	78.0
8.746908085536481e-08	pos	1.6269249039097852e-05	Ribosome, bacteria	80.0
1.7978491230520698e-06	pos	0.0001671999684438425	Fructose and mannose metabolism PAO1	81.0
1.7978491230520698e-06	pos	0.0001671999684438425	Tyrosine metabolism PAO1	81.0
0.0024833485199713206	pos	0.04619028247146656	Aminoacyl-tRNA biosynthesis, prokaryotes	82.0
0.0001231153493769165	pos	0.004579890996821294	Cytochrome c oxidase, cbb3-type	82.0
0.0004742138646575077	pos	0.014700629804382739	Dipeptide transport system	82.0
2.890687296534671e-13	pos	5.376678371554488e-11	Valine, leucine and isoleucine degradation PAO1	82.0
0.0009200001588615305	pos	0.024445718506892096	Type VI secretion system	82.0
0.0015171544188125573	pos	0.031354524655459515	RNA degradation PAO1	82.0
2.4786338050816225e-05	pos	0.0018113114294628938	Nitrogen metabolism PAO1	82.0
0.0014952575626598968	pos	0.031354524655459515	Bacterial chemotaxis PAO1	82.0
6.127693380990917e-05	pos	0.0028493774221607765	Tyrosine metabolism PAO1	82.0
2.9214700475207964e-05	pos	0.0018113114294628938	Arginine biosynthesis PAO1	82.0
3.106809078451509e-19	pos	5.778664885919806e-17	Ribosome, bacteria	83.0
0.00022381088502484688	pos	0.020814412307310758	Ribosome PAO1	83.0
0.0016959738518905025	pos	0.03943139205645418	Aminoacyl-tRNA biosynthesis, prokaryotes	84.0
6.486845798734828e-11	pos	1.2065533185646779e-08	2-Oxocarboxylic acid metabolism PAO1	84.0
4.182563623472082e-06	pos	0.0001944892084914518	Sulfur metabolism PAO1	84.0
3.864825443978114e-10	pos	2.3961917752664305e-08	Cationic antimicrobial peptide (CAMP) resistance PAO1	84.0
3.864825443978114e-10	pos	2.3961917752664305e-08	Pentose phosphate pathway PAO1	84.0
0.0006523087948544753	pos	0.017332776548990344	Iron(III) transport system	84.0
5.657548851910343e-05	pos	0.0021046081729106476	Alanine, aspartate and glutamate metabolism PAO1	84.0
0.00048755085133181045	pos	0.015114076391286124	Imipenem resistance, repression of porin OprD	84.0
5.0599719358717906e-14	pos	9.411547800721529e-12	Type VI secretion system	85.0
7.985703764424852e-05	pos	0.004951136333943409	Cationic antimicrobial peptide (CAMP) resistance PAO1	85.0
2.584793435330997e-07	pos	2.403857894857827e-05	Tyrosine metabolism PAO1	85.0
2.0485859096299537e-24	pos	3.8103697919117134e-22	Ribosome, bacteria	86.0
9.877064014513074e-08	pos	9.185669533497159e-06	Ribosome PAO1	86.0
0.00027977986025728453	pos	0.01734635133595164	Arginine biosynthesis PAO1	86.0
5.582766297450223e-10	pos	1.0383945313257415e-07	Pentose phosphate pathway PAO1	87.0
2.6017844238596614e-10	pos	2.4196595141894848e-08	Geraniol degradation PAO1	88.0
1.2141142163678153e-10	pos	2.2582524424441362e-08	Propanoate metabolism PAO1	88.0
0.000309520640553458	pos	0.019190279714314397	Arginine biosynthesis PAO1	88.0
9.709671103730597e-05	pos	0.009029994126469454	Cytochrome c oxidase, cbb3-type	89.0
1.1161686861885766e-13	pos	2.0760737563107522e-11	Valine, leucine and isoleucine degradation PAO1	89.0
0.00011021213838339152	pos	0.02049945773931082	NADH:quinone oxidoreductase, prokaryotes	90.0
1.0070919335479146e-05	pos	0.001873190996399121	Type VI secretion system	93.0
9.824352258497806e-05	pos	0.01827329520080592	Degradation of aromatic compounds PAO1	94.0
9.721114899966656e-27	pos	1.8081273713937977e-24	Valine, leucine and isoleucine degradation PAO1	95.0
3.252357901554513e-05	pos	0.006049385696891394	Tyrosine metabolism PAO1	96.0
6.180279154340057e-16	pos	1.1495319227072506e-13	Ribosome, bacteria	97.0
3.675882405589498e-07	pos	6.837141274396466e-05	Valine, leucine and isoleucine degradation PAO1	98.0
3.2796076504433286e-07	pos	6.1000702298245904e-05	Type VI secretion system	100.0
0.00010738699062189622	pos	0.007655667268791516	Ribosome, bacteria	101.0
0.00012347850433534703	pos	0.007655667268791516	Iron complex transport system	101.0
2.120255554084186e-05	pos	0.0039436753305965855	Zinc transport system	101.0
5.809927272503466e-07	pos	5.4032323634282236e-05	Valine, leucine and isoleucine degradation PAO1	102.0
1.7054847106719978e-05	pos	0.0006344403123699832	Glutamate/aspartate transport system	102.0
2.9611077619740396e-06	pos	0.00013769151093179284	Aminoglycoside resistance, protease FtsH	102.0
0.00018268837378507686	pos	0.005663339587337383	Arginine and proline metabolism PAO1	102.0
1.9762769163904035e-07	pos	3.67587506448615e-05	Glyoxylate and dicarboxylate metabolism PAO1	102.0
8.772539843635771e-07	pos	5.4389747030541786e-05	Arginine biosynthesis PAO1	102.0
0.0004110605749547431	pos	0.038228633470791105	Type II general secretion pathway	103.0
0.0002204468352595381	pos	0.038228633470791105	Phenylalanine, tyrosine and tryptophan biosynthesis PAO1	103.0
1.5649290870434452e-20	pos	2.910768101900808e-18	Ribosome, bacteria	104.0
2.870616665507647e-09	pos	2.669673498922112e-07	Ribosome PAO1	104.0
0.0016908523358504883	pos	0.03931231680852385	Hemophore/metalloprotease transport system	105.0
1.3501660742813206e-15	pos	2.511308898163256e-13	Valine, leucine and isoleucine degradation PAO1	105.0
0.0010093306307492906	pos	0.02681935675990972	Glycine, serine and threonine metabolism PAO1	105.0
0.000743633991549112	pos	0.023052653738022472	Oxidative phosphorylation PAO1	105.0
5.712904429902095e-08	pos	5.313001119808948e-06	Biosynthesis of siderophore group nonribosomal peptides PAO1	105.0
0.00018033842312531855	pos	0.008385736675327313	Alanine, aspartate and glutamate metabolism PAO1	105.0
3.954679135577781e-05	pos	0.0024519010640582247	Tyrosine metabolism PAO1	105.0
0.000362166938143292	pos	0.01347261009893046	Arginine biosynthesis PAO1	105.0
1.3358228552555839e-07	pos	2.4846305107753856e-05	Urea transport system	106.0
0.0007128628971923577	pos	0.04419749962592618	beta-Alanine metabolism PAO1	106.0
5.736714652586066e-05	pos	0.005335144626905041	Nitrogen metabolism PAO1	106.0
1.3614992715195063e-06	pos	0.00025323886450262815	Ribosome, bacteria	107.0
9.000588872392733e-11	pos	1.6741095302650482e-08	Type VI secretion system	109.0
0.00040644639987514914	pos	0.037799515188388866	Tryptophan metabolism PAO1	109.0
2.5559427778155217e-08	pos	4.75405356673687e-06	Phosphonate and phosphinate metabolism PAO1	111.0
0.0001935442985559668	pos	0.01799961976570491	Quorum sensing PAO1	111.0
0.0005087818780871301	pos	0.03154447644140206	Pyrimidine metabolism PAO1	111.0
6.261162425944431e-05	pos	0.00582288105612832	Biosynthesis of siderophore group nonribosomal peptides PAO1	112.0
4.922374395885891e-07	pos	9.155616376347757e-05	Phosphonate and phosphinate metabolism PAO1	112.0
4.826520128265751e-05	pos	0.0044886637192871484	Ribosome, bacteria	114.0
4.826520128265751e-05	pos	0.0044886637192871484	Degradation of aromatic compounds PAO1	114.0
4.253268559829696e-05	pos	0.0026370265070944114	Citrate cycle (TCA cycle) PAO1	116.0
3.3655704208480126e-12	pos	6.259960982777303e-10	Starch and sucrose metabolism PAO1	116.0
2.1092159622210316e-10	pos	1.9615708448655592e-08	Ribosome, bacteria	116.0
3.478719665668429e-08	pos	6.4704185781432775e-06	Citrate cycle (TCA cycle) PAO1	117.0
7.775393721463408e-05	pos	0.004820744107307313	Spermidine/putrescine transport system	117.0
0.0006864820169678314	pos	0.025908797424889274	Urea transport system	117.0
7.312174428104709e-05	pos	0.004820744107307313	Ribosome, bacteria	117.0
0.0006964730490561633	pos	0.025908797424889274	Bacterial secretion system PAO1	117.0
0.001013809995579419	pos	0.02693837988253885	Putative polar amino acid transport system	119.0
0.0005727337583240143	pos	0.017754746508044445	Amino sugar and nucleotide sugar metabolism PAO1	119.0
3.707602382287369e-05	pos	0.0017240351077636264	Denitrification, nitrate => nitrogen	119.0
6.21816237732095e-07	pos	0.00011377512611623937	Pentose phosphate pathway PAO1	119.0
1.223388452862789e-06	pos	0.00011377512611623937	Type III secretion system	119.0
8.816918913344873e-06	pos	0.0005466489726273821	Propanoate metabolism PAO1	119.0
0.00014463392993323862	pos	0.005380382193516477	Arginine biosynthesis PAO1	119.0
0.0004723212023072266	pos	0.021962935907286034	Cationic antimicrobial peptide (CAMP) resistance PAO1	121.0
0.00011442017177371349	pos	0.010641075974955354	Quorum sensing PAO1	121.0
1.063462939159665e-05	pos	0.0019780410668369768	Phosphate transport system	121.0
0.0003828958789671619	pos	0.021962935907286034	Tyrosine metabolism PAO1	121.0
1.8142971497663486e-12	pos	3.374592698565408e-10	Ribosome, bacteria	123.0
0.00015341049857257289	pos	0.014267176367249277	Type II general secretion pathway	127.0
6.324873606308257e-11	pos	1.1764264907733358e-08	Ribosome, bacteria	127.0
8.501485811539808e-20	pos	1.581276360946404e-17	Valine, leucine and isoleucine degradation PAO1	128.0
0.0004244096767442657	pos	0.019735049968608354	Glutamate/aspartate transport system	128.0
1.3021941032836164e-08	pos	1.2110405160537632e-06	Biosynthesis of siderophore group nonribosomal peptides PAO1	128.0
1.509917788266125e-06	pos	9.361490287249975e-05	Benzoate degradation PAO1	128.0
0.0021944822918738495	pos	0.0408173706288536	Putrescine transport system	128.0
0.0017640003064078216	pos	0.03645600633242831	Arginine and proline metabolism PAO1	128.0
0.000826510385172451	pos	0.02562182194034598	Aminobenzoate degradation PAO1	128.0
0.0011879045236975131	pos	0.029457995835325716	Propanoate metabolism PAO1	128.0
0.0012670105735623964	pos	0.029457995835325716	Degradation of aromatic compounds PAO1	128.0
0.000826510385172451	pos	0.02562182194034598	Arginine biosynthesis PAO1	128.0
3.989063544323734e-06	pos	0.0001854914548110536	Flagellar assembly PAO1	130.0
3.4162153313784978e-06	pos	0.0001854914548110536	Cationic antimicrobial peptide (CAMP) resistance, arnBCADTEF operon	130.0
1.3502123751599272e-18	pos	2.5113950177974644e-16	Ribosome, bacteria	130.0
0.001450289406612465	pos	0.044958971604986415	Aminobenzoate degradation PAO1	130.0
1.6499488330154436e-05	pos	0.000613780965881745	Phospholipid transport system	130.0
3.8440358518129e-07	pos	3.5749533421859966e-05	Ribosome PAO1	130.0
0.0018631935214977096	pos	0.049507713571224854	Degradation of aromatic compounds PAO1	130.0
6.23519049285278e-05	pos	0.011597454316706168	Degradation of aromatic compounds PAO1	131.0
8.435702457389837e-05	pos	0.009541448946556466	Spermidine/putrescine transport system	133.0
0.00010259622523178997	pos	0.009541448946556466	Aminobenzoate degradation PAO1	133.0
1.7400228414269652e-05	pos	0.003236442485054155	2-Oxocarboxylic acid metabolism PAO1	137.0
9.611085374283835e-06	pos	0.0008938309398083965	Lipopolysaccharide biosynthesis PAO1	138.0
9.138879413188283e-06	pos	0.0008938309398083965	Tryptophan metabolism PAO1	138.0
3.952456740558629e-05	pos	0.0073515695374390495	Oxidative phosphorylation PAO1	139.0
7.33661332436849e-09	pos	1.364610078332539e-06	Ribosome, bacteria	145.0
3.192731781189485e-06	pos	0.0002969240556506221	Cytochrome c oxidase, cbb3-type	146.0
0.0002821351500719231	pos	0.010495427582675538	Valine, leucine and isoleucine degradation PAO1	146.0
4.999268302267561e-12	pos	9.298639042217663e-10	Quorum sensing PAO1	146.0
7.599523801927117e-05	pos	0.003533778567896109	Cyanoamino acid metabolism PAO1	146.0
2.0125854261312375e-05	pos	0.0012478029642013673	Peptidoglycan biosynthesis PAO1	146.0
0.0004197564331182614	pos	0.03903734827999831	Valine, leucine and isoleucine degradation PAO1	148.0
2.0529423226673314e-07	pos	3.818472720161236e-05	Ribosome, bacteria	148.0
7.894304261602711e-05	pos	0.0020976294180830063	Cytochrome c oxidase, cbb3-type	149.0
4.054772616880724e-08	pos	2.5139590224660487e-06	Dipeptide transport system	149.0
0.0018476669088183363	pos	0.038185116115578954	Phenazine biosynthesis PAO1	149.0
1.6435757011383914e-22	pos	3.0570508041174076e-20	Valine, leucine and isoleucine degradation PAO1	149.0
3.3697810420153694e-08	pos	2.5139590224660487e-06	Type VI secretion system	149.0
1.1402541651910254e-07	pos	5.302181868138268e-06	Quorum sensing PAO1	149.0
3.227748939919165e-07	pos	1.2007226056499293e-05	Glyoxylate and dicarboxylate metabolism PAO1	149.0
0.0005739707188252218	pos	0.013344819212686406	Phenylalanine metabolism PAO1	149.0
1.554766763305423e-05	pos	0.00048197769662468114	Propanoate metabolism PAO1	149.0
0.00016593409234345058	pos	0.00440910588226883	Mismatch repair PAO1	150.0
0.0010362327018678045	pos	0.024092410318426453	Glutamate/aspartate transport system	150.0
1.9465139408828132e-08	pos	1.2068386433473442e-06	Oxidative phosphorylation PAO1	150.0
2.535634977802702e-07	pos	9.432562117426052e-06	Citrate cycle (TCA cycle) PAO1	150.0
0.00232431442859654	pos	0.04323224837189564	Leucine degradation, leucine => acetoacetate + acetyl-CoA	150.0
5.32579392115364e-06	pos	0.00016509961155576286	Citrate cycle (TCA cycle, Krebs cycle)	150.0
9.43576705390723e-33	pos	1.7550526720267446e-30	Ribosome, bacteria	150.0
8.010958028510379e-10	pos	7.450190966514652e-08	Ribosome PAO1	150.0
0.0014575022470939242	pos	0.030121713106607766	Purine metabolism PAO1	150.0
2.535634977802702e-07	pos	9.432562117426052e-06	Fatty acid biosynthesis PAO1	150.0
5.578317245800543e-08	pos	3.4585566923963367e-06	Dipeptide transport system	151.0
6.017667396086121e-19	pos	1.1192861356720183e-16	Valine, leucine and isoleucine degradation PAO1	151.0
6.182230487229033e-06	pos	0.00022997897412492	Glycine, serine and threonine metabolism PAO1	151.0
0.0016409335444963606	pos	0.03815170490954038	Cationic antimicrobial peptide (CAMP) resistance PAO1	151.0
0.0005021374714046464	pos	0.015566261613544038	Quorum sensing PAO1	151.0
9.226361109951725e-14	pos	8.580515832255103e-12	Propanoate metabolism PAO1	151.0
3.1534825097718947e-06	pos	0.0001466369367043931	Tyrosine metabolism PAO1	151.0
0.0008647413528221243	pos	0.022977413089273587	Arginine biosynthesis PAO1	151.0
1.8132678600222128e-06	pos	0.00016863391098206578	Type VI secretion system	152.0
0.0007128628971923577	pos	0.02209874981296309	Methane metabolism PAO1	152.0
7.599523801927117e-05	pos	0.003533778567896109	Cyanoamino acid metabolism PAO1	152.0
0.0001257111700090991	pos	0.004676455524338486	Arginine and proline metabolism PAO1	152.0
4.4149722966010253e-10	pos	8.211848471677907e-08	Nitrogen metabolism PAO1	152.0
1.542932976399032e-05	pos	0.0009566184453673998	Arginine biosynthesis PAO1	152.0
0.0002726515757310416	pos	0.012678298271493435	Citrate cycle (TCA cycle) PAO1	153.0
1.919868556863842e-05	pos	0.001190318505255582	Type VI secretion system	153.0
3.2172818710626524e-08	pos	5.984144280176533e-06	Biosynthesis of siderophore group nonribosomal peptides PAO1	153.0
0.001281084740407792	pos	0.04765635234316986	Aminobenzoate degradation PAO1	153.0
5.139583535818993e-07	pos	4.7798126883116636e-05	Propanoate metabolism PAO1	153.0
0.00023238404475248555	pos	0.04322343232396231	Vancomycin resistance PAO1	155.0
1.6434865794654909e-07	pos	3.056885037805813e-05	Biotin metabolism PAO1	157.0
1.6775454756927764e-05	pos	0.001258274461324353	Glutamate/aspartate transport system	157.0
2.0294749376199243e-05	pos	0.001258274461324353	Glyoxylate and dicarboxylate metabolism PAO1	157.0
5.525920257610993e-05	pos	0.0025695529197891117	Tyrosine metabolism PAO1	157.0
0.0011582648038161903	pos	0.030776750501401627	Quorum sensing PAO1	158.0
3.3592784091889117e-06	pos	0.00031241289205456875	Cyanoamino acid metabolism PAO1	158.0
0.0018476669088183363	pos	0.038185116115578954	Vanadium resistance, efflux pump MexGHI-OpmD	158.0
0.0010058582486501349	pos	0.030776750501401627	Butanoate metabolism PAO1	158.0
0.0007704000536312638	pos	0.028658881995083013	Glyoxylate and dicarboxylate metabolism PAO1	158.0
0.0003056943352346743	pos	0.014214786588412354	Type II general secretion pathway	158.0
0.0014327584806463332	pos	0.03331163467502724	Aminobenzoate degradation PAO1	158.0
1.660283324173982e-07	pos	3.088126982963606e-05	Propanoate metabolism PAO1	158.0
0.0002993023073479014	pos	0.014214786588412354	Glycolysis / Gluconeogenesis PAO1	158.0
9.981246351022448e-06	pos	0.0009282559106450877	Type VI secretion system	159.0
0.0011878572428496732	pos	0.03156306388143417	Glycine, serine and threonine metabolism PAO1	159.0
7.96469224750436e-05	pos	0.004938109193452703	Amino sugar and nucleotide sugar metabolism PAO1	159.0
0.0010362327018678045	pos	0.03156306388143417	Fatty acid degradation PAO1	159.0
0.0008867619525824425	pos	0.03156306388143417	Glycine betaine/proline transport system	159.0
0.0008703079196150055	pos	0.03156306388143417	Quorum sensing PAO1	159.0
5.32579392115364e-06	pos	0.0009282559106450877	Methane metabolism PAO1	159.0
0.001998543731680063	pos	0.04646614176156146	Zinc transport system	159.0
0.00038388644467053217	pos	0.017850719677179744	Arginine biosynthesis PAO1	161.0
0.00010116723528777695	pos	0.006272368587842171	Folate biosynthesis PAO1	161.0
3.3103648367605313e-07	pos	6.157278596374588e-05	Pentose phosphate pathway PAO1	161.0
0.0009266950446073616	pos	0.03447305565939385	One carbon pool by folate PAO1	161.0
0.00010116723528777695	pos	0.006272368587842171	Nitrogen metabolism PAO1	161.0
0.0001657738825509849	pos	0.015239437340264178	Glycine, serine and threonine metabolism PAO1	162.0
0.0008993440486998203	pos	0.04181949826454164	Glycine betaine/proline transport system	162.0
1.230313508340977e-08	pos	2.2883831255142173e-06	Ribosome, bacteria	162.0
0.0002457973764558738	pos	0.015239437340264178	Bacterial chemotaxis PAO1	162.0
1.8994463612267202e-19	pos	3.5329702318816995e-17	Valine, leucine and isoleucine degradation PAO1	163.0
0.0017386144382086884	pos	0.03593136505631289	Oxidative phosphorylation PAO1	163.0
0.0002726515757310416	pos	0.00845219884766229	Tryptophan metabolism PAO1	163.0
3.2172818710626524e-08	pos	2.9920721400882666e-06	Biosynthesis of siderophore group nonribosomal peptides PAO1	163.0
0.0002166343445795985	pos	0.00845219884766229	Quorum sensing PAO1	163.0
0.0002726515757310416	pos	0.00845219884766229	Cyanoamino acid metabolism PAO1	163.0
0.00051373538898851	pos	0.013650683193123266	Glyoxylate and dicarboxylate metabolism PAO1	163.0
0.001710850815503507	pos	0.03593136505631289	Type II general secretion pathway	163.0
2.4897832932461385e-05	pos	0.001543665641812606	Tyrosine metabolism PAO1	163.0
5.890719363719585e-10	pos	1.0956738016518427e-07	Type VI secretion system	166.0
1.005384973845343e-05	pos	0.0018700160513523377	Type II general secretion pathway	167.0
1.73376931659875e-05	pos	0.003224810928873675	Type II general secretion pathway	168.0
1.8963629772674746e-05	pos	0.0028196642874264953	Spermidine/putrescine transport system	169.0
3.031897083254296e-05	pos	0.0028196642874264953	Ribosome, bacteria	169.0
5.144321069508759e-06	pos	0.00047842185946431453	Starch and sucrose metabolism PAO1	170.0
0.0006792984790974978	pos	0.03158737927803365	Type VI secretion system	170.0
2.0414895083546486e-13	pos	3.797170485539646e-11	Quorum sensing PAO1	170.0
0.00011914416304154922	pos	0.007386938108576052	Cyanoamino acid metabolism PAO1	170.0
8.767574512737729e-08	pos	1.6307688593692176e-05	Type III secretion system	171.0
8.28415605987936e-09	pos	7.704265135687804e-07	Dipeptide transport system	173.0
4.5068241573104303e-05	pos	0.00209567323314935	Valine, leucine and isoleucine degradation PAO1	173.0
8.934678134756736e-06	pos	0.0005539500443549176	Type VI secretion system	173.0
0.0005571250184816214	pos	0.014803607633940225	Putative polar amino acid transport system	173.0
0.00012733927698927084	pos	0.003947517586667396	Pyruvate metabolism PAO1	173.0
3.8687556064196756e-09	pos	7.195885427940596e-07	Alanine, aspartate and glutamate metabolism PAO1	173.0
0.0015398599805438895	pos	0.03580174454764543	Propanoate metabolism PAO1	173.0
6.849695261025544e-05	pos	0.0025480866371015024	Tyrosine metabolism PAO1	173.0
7.213776799920367e-08	pos	1.3417624847851881e-05	Biosynthesis of siderophore group nonribosomal peptides PAO1	174.0
0.0015768764050181632	pos	0.04189985876191119	Hemophore/metalloprotease transport system	175.0
0.0003897156097504526	pos	0.012081183902264031	Type VI secretion system	175.0
4.2193648587864345e-06	pos	0.00039240093186713836	Pentose phosphate pathway PAO1	175.0
0.0003371915825996631	pos	0.012081183902264031	Type III secretion system	175.0
0.0019736988276370746	pos	0.045888497742561984	Macrolide resistance, MacAB-TolC transporter	175.0
6.796677193216404e-07	pos	0.0001264181957938251	Phenylalanine, tyrosine and tryptophan biosynthesis PAO1	175.0
1.826403153605269e-05	pos	0.0011323699552352668	Propanoate metabolism PAO1	175.0
0.0003371915825996631	pos	0.012081183902264031	Arginine biosynthesis PAO1	175.0
1.0047852994000002e-07	pos	9.344503284420001e-06	Biotin metabolism PAO1	176.0
0.0011786173013419074	pos	0.03653713634159913	Lipopolysaccharide biosynthesis PAO1	176.0
5.5829720193698024e-11	pos	1.0384327956027832e-08	Peptidoglycan biosynthesis PAO1	176.0
0.00043293955026895385	pos	0.016105351270005085	Iron complex transport system	176.0
0.0002117679046565652	pos	0.009847207566530281	Alanine, aspartate and glutamate metabolism PAO1	176.0
1.92843530810025e-06	pos	0.0001195629891022155	Protein export PAO1	176.0
0.0015936541239842835	pos	0.04234566672301096	Tetrahydrofolate biosynthesis, GTP => THF	176.0
1.5021816101556107e-05	pos	0.000698514448722359	Sulfur metabolism PAO1	177.0
1.7128714622608476e-14	pos	3.1859409198051763e-12	Type VI secretion system	177.0
0.00022451752479028906	pos	0.008352051922198752	Putative polar amino acid transport system	177.0
1.0244743910005003e-05	pos	0.0006351741224203102	Glutamate/aspartate transport system	177.0
1.5342803810895979e-13	pos	1.426880754413326e-11	Ribosome, bacteria	177.0
0.00146677766137998	pos	0.045470107502779376	Fatty acid biosynthesis, elongation	177.0
4.698521204299602e-19	pos	8.73924943999726e-17	Type VI secretion system	178.0
5.0131680792029335e-06	pos	0.0003410446664249603	Dipeptide transport system	179.0
0.0004110605749547431	pos	0.015291453388316443	Arginine biosynthesis PAO1	179.0
1.5211474593223527e-08	pos	2.8293342743395757e-06	Type VI secretion system	179.0
0.0014722740864720166	pos	0.04564049668063252	Pyruvate metabolism PAO1	179.0
0.00010652501979808671	pos	0.0049534134206110315	Cyanoamino acid metabolism PAO1	179.0
5.500720426209037e-06	pos	0.0003410446664249603	Bacterial chemotaxis PAO1	179.0
0.0001029210661310292	pos	0.00638110610012381	Cytochrome c oxidase, cbb3-type	181.0
6.09442190675511e-06	pos	0.0011335624746564503	Valine, leucine and isoleucine degradation PAO1	181.0
0.00046707784335306386	pos	0.021719119715917466	Amino sugar and nucleotide sugar metabolism PAO1	181.0
2.3051809823997737e-05	pos	0.0021438183136317894	Glutamate/aspartate transport system	181.0
1.0636140206752293e-38	pos	1.9783220784559264e-36	Sulfur metabolism PAO1	182.0
5.0889465946219274e-08	pos	3.155146888665595e-06	Putative polar amino acid transport system	182.0
1.9620272724148028e-08	pos	1.8246853633457665e-06	NitT/TauT family transport system	182.0
0.00012452814926193072	pos	0.005790558940679778	D-Methionine transport system	182.0
2.46061959660872e-08	pos	4.576752449692219e-06	Biotin metabolism PAO1	184.0
4.489285152286854e-07	pos	4.175035191626774e-05	Fatty acid metabolism PAO1	184.0
2.4065440458862414e-06	pos	0.00014920573084494697	Fatty acid biosynthesis PAO1	184.0
0.0003941666257506748	pos	0.036657496194812754	Folate biosynthesis PAO1	186.0
0.00032396312569116844	pos	0.036657496194812754	Pentose phosphate pathway PAO1	186.0
5.614882601392349e-06	pos	0.0005221840819294884	Flagellar assembly PAO1	187.0
2.445132937340518e-07	pos	4.547947263453363e-05	Bacterial chemotaxis PAO1	187.0
2.015331698612948e-05	pos	0.0012495056531400277	Methane metabolism PAO1	187.0
0.0003255273909292203	pos	0.02018269823761166	Flagellar assembly PAO1	189.0
1.5601409695495252e-09	pos	2.9018622033621166e-07	Nitrogen metabolism PAO1	189.0
2.5515158424412825e-05	pos	0.0023729097334703924	Peptidoglycan biosynthesis PAO1	189.0
1.3300061507153903e-06	pos	8.24603813443542e-05	Dipeptide transport system	190.0
0.0012495374477066831	pos	0.02905174565918038	Starch and sucrose metabolism PAO1	190.0
4.937210987094013e-06	pos	0.0001836642487198973	Styrene degradation PAO1	190.0
2.2502381134937853e-15	pos	4.1854428910984403e-13	Valine, leucine and isoleucine degradation PAO1	190.0
4.937210987094013e-06	pos	0.0001836642487198973	Ribosome, bacteria	190.0
1.1044810633138917e-07	pos	1.0271673888819191e-05	Peptidoglycan biosynthesis PAO1	190.0
0.0012421809071213271	pos	0.02905174565918038	Glyoxylate and dicarboxylate metabolism PAO1	190.0
0.0018923103445710509	pos	0.03910774712113505	Aminobenzoate degradation PAO1	190.0
0.0011854109363576984	pos	0.02905174565918038	Benzoate degradation PAO1	190.0
2.9407079418509305e-06	pos	0.0003373346311375099	Flagellar assembly PAO1	191.0
3.627254098252795e-06	pos	0.0003373346311375099	Quorum sensing PAO1	191.0
7.994232163648646e-05	pos	0.004956423941462161	Multidrug resistance, efflux pump TriABC-TolC	191.0
0.0007490523688867913	pos	0.03483093515323579	Iron(III) transport system	191.0
5.630273847566286e-08	pos	1.0472309356473292e-05	Cationic antimicrobial peptide (CAMP) resistance PAO1	192.0
1.2146272569520864e-12	pos	2.2592066979308805e-10	Cationic antimicrobial peptide (CAMP) resistance PAO1	193.0
0.0006137017062833078	pos	0.038049505789565084	Glyoxylate and dicarboxylate metabolism PAO1	193.0
6.2891680607554605e-09	pos	5.848926296502578e-07	Phospholipid transport system	193.0
0.0005939023306927943	pos	0.027616458377214933	RNA degradation PAO1	194.0
6.370911820078898e-06	pos	0.0003949965328448917	Oxidative phosphorylation PAO1	194.0
1.606803918188913e-23	pos	2.988655287831378e-21	Ribosome, bacteria	194.0
3.5654022632929566e-06	pos	0.00033158241048624495	Ribosome PAO1	194.0
1.053074028663347e-06	pos	0.00019587176933138253	Fatty acid degradation PAO1	195.0
0.0007582827501611008	pos	0.04701353050998825	Phosphate transport system	196.0
0.00021291847989360235	pos	0.039602837260210036	Bacterial secretion system PAO1	196.0
0.0007582827501611008	pos	0.04701353050998825	Methane metabolism PAO1	196.0
5.848233467065031e-08	pos	1.0877714248740957e-05	Cationic antimicrobial peptide (CAMP) resistance PAO1	197.0
0.00011878351108501359	pos	0.011046866530906262	Microcin C transport system	197.0
0.001037772706045398	pos	0.03860514466488881	Dipeptide transport system	198.0
2.360987304326707e-19	pos	4.391436386047675e-17	Valine, leucine and isoleucine degradation PAO1	198.0
1.0438328855462356e-05	pos	0.0009707645835579991	Glutamate/aspartate transport system	198.0
0.00012258646523095122	pos	0.005700270633239231	Propanoate metabolism PAO1	198.0
1.7520178492555122e-05	pos	0.0010862510665384177	Tyrosine metabolism PAO1	198.0
1.542932976399032e-05	pos	0.0009566184453673998	Glutamate/aspartate transport system	199.0
0.0009498955394251535	pos	0.03533611406661571	beta-Lactam resistance PAO1	199.0
0.00019509063451023036	pos	0.00907171450472571	Putrescine transport system	199.0
1.659673150529783e-07	pos	1.543496029992698e-05	Alanine, aspartate and glutamate metabolism PAO1	199.0
1.3358228552555839e-07	pos	1.543496029992698e-05	Phospholipid transport system	199.0
1.7446834681932843e-05	pos	0.0032451112508395086	Propanoate metabolism PAO1	200.0
3.18983188017252e-10	pos	2.9665436485604433e-08	Dipeptide transport system	201.0
0.0019736988276370746	pos	0.036710798194049585	Styrene degradation PAO1	201.0
6.87941558951726e-25	pos	1.2795712996502103e-22	Valine, leucine and isoleucine degradation PAO1	201.0
0.0029191559964048632	pos	0.049360274121027684	Type VI secretion system	201.0
2.282467946850101e-05	pos	0.0006064843401630268	Oxidative phosphorylation PAO1	201.0
1.8504173924214204e-05	pos	0.0005736293916506404	Tryptophan metabolism PAO1	201.0
1.0151663396612104e-06	pos	6.155411854006143e-05	Quorum sensing PAO1	201.0
0.0006506549393805543	pos	0.013446868747198124	Phenylalanine metabolism PAO1	201.0
5.444455156261683e-06	pos	0.0002025337318129346	Nitrogen metabolism PAO1	201.0
0.0001537413976802605	pos	0.0035744874960660566	Glyoxylate and dicarboxylate metabolism PAO1	201.0
1.323744484732504e-06	pos	6.155411854006143e-05	Propanoate metabolism PAO1	201.0
0.00010516006634816709	pos	0.009779886170379538	Valine, leucine and isoleucine degradation PAO1	202.0
2.956397647975099e-09	pos	5.498899625233683e-07	Bacterial chemotaxis PAO1	202.0
2.621286368622768e-07	pos	4.875592645638348e-05	Type VI secretion system	203.0
5.1938757697108516e-05	pos	0.009660608931662183	Valine, leucine and isoleucine biosynthesis PAO1	205.0
5.877911532038191e-20	pos	1.0932915449591035e-17	Type III secretion system	206.0
0.0002150198353513498	pos	0.013331229791783687	Alanine, aspartate and glutamate metabolism PAO1	206.0
6.320471987265859e-09	pos	5.878038948157249e-07	Arginine biosynthesis PAO1	206.0
5.7388185522924395e-05	pos	0.005337101253631968	Phenazine biosynthesis PAO1	208.0
3.021971596530552e-17	pos	5.620867169546826e-15	Valine, leucine and isoleucine degradation PAO1	208.0
5.3718800130416926e-14	pos	9.991696824257548e-12	Ribosome, bacteria	209.0
8.82418080503655e-05	pos	0.0068191765513237225	Ribosome, bacteria	210.0
3.343978809983118e-06	pos	0.0006219800586568599	Biosynthesis of siderophore group nonribosomal peptides PAO1	210.0
0.00010998671856973746	pos	0.0068191765513237225	Quorum sensing PAO1	210.0
0.0006808045596922574	pos	0.03165741202568997	Pentose phosphate pathway PAO1	210.0
1.4787648979252827e-06	pos	0.00027505027101410253	Propanoate metabolism PAO1	212.0
4.2626895883093995e-07	pos	3.964301317127741e-05	Phosphonate and phosphinate metabolism PAO1	214.0
0.00018142946996162223	pos	0.0067491762825723466	Quorum sensing PAO1	214.0
6.403432988981243e-08	pos	1.191038535950511e-05	Phosphate transport system	214.0
1.4831616853664865e-06	pos	8.196760559739115e-05	Bacterial secretion system PAO1	214.0
0.0015359919339096447	pos	0.047615749951198987	Phosphonate transport system	214.0
1.7627442063955086e-06	pos	8.196760559739115e-05	Tyrosine metabolism PAO1	214.0
5.167708138151969e-06	pos	0.00032039790456542207	Cytochrome c oxidase, cbb3-type	216.0
2.7163437917698317e-06	pos	0.0002526199726345943	Quorum sensing PAO1	216.0
9.960825385806409e-09	pos	1.852713521759992e-06	Propanoate metabolism PAO1	216.0
2.4861848512340266e-05	pos	0.0011560759558238223	Arginine biosynthesis PAO1	216.0
3.7308798637096905e-17	pos	6.939436546500024e-15	Ribosome, bacteria	217.0
1.336240667762889e-05	pos	0.0012427038210194867	Ribosome PAO1	217.0
1.3049233304488628e-06	pos	0.00024271573946348847	Ribosome, bacteria	218.0
5.7388185522924395e-05	pos	0.002668550626815984	Ribosome, bacteria	219.0
2.4885445137755096e-05	pos	0.001542897598540816	Quorum sensing PAO1	219.0
2.1937063344474313e-06	pos	0.00040109619026293825	Cyanoamino acid metabolism PAO1	219.0
0.0008021503215151731	pos	0.029839991960364437	Butanoate metabolism PAO1	219.0
0.001052020426390725	pos	0.032612633218112475	Aminobenzoate degradation PAO1	219.0
0.0014945176765016198	pos	0.039711469689900185	Vanadium resistance, efflux pump MexGHI-OpmD	219.0
4.312862260891809e-06	pos	0.00040109619026293825	Propanoate metabolism PAO1	219.0
3.548200957095647e-11	pos	6.5996537801979025e-09	Type VI secretion system	220.0
0.00038251847407490605	pos	0.01778710904448313	Oxidative phosphorylation PAO1	220.0
1.416542400196675e-05	pos	0.0013173844321829077	Glutamate/aspartate transport system	220.0
0.00017607600622948397	pos	0.010916712386228006	Alanine, aspartate and glutamate metabolism PAO1	220.0
9.138879413188283e-06	pos	0.0016998315708530206	Citrate cycle (TCA cycle) PAO1	221.0
5.5582209070663665e-05	pos	0.00516914544357172	Pyruvate metabolism PAO1	221.0
6.909002966342135e-27	pos	1.285074551739637e-24	Type VI secretion system	222.0
2.9803967064971486e-06	pos	0.0002771768937042348	Ribosome, bacteria	222.0
1.4411790241818956e-05	pos	0.0008935309949927753	Arginine biosynthesis PAO1	222.0
0.0003579225579766632	pos	0.022191198594553117	Fatty acid degradation PAO1	223.0
1.0841975036424658e-05	pos	0.0020166073567749864	Pantothenate and CoA biosynthesis PAO1	223.0
0.0003579225579766632	pos	0.022191198594553117	Arginine biosynthesis PAO1	223.0
3.852485616408068e-06	pos	0.00035828116232595027	Glycine, serine and threonine metabolism PAO1	224.0
0.0003424725587153551	pos	0.021233298640352016	Pentose phosphate pathway PAO1	224.0
0.0008055459524441077	pos	0.029966309430920806	One carbon pool by folate PAO1	224.0
0.0008055459524441077	pos	0.029966309430920806	Glutamate/aspartate transport system	224.0
2.738071416524678e-06	pos	0.00035828116232595027	Tyrosine metabolism PAO1	224.0
5.199368701353435e-07	pos	9.670825784517388e-05	Hemophore/metalloprotease transport system	225.0
2.5642820494045728e-05	pos	0.0015898548706308351	Type VI secretion system	225.0
1.2824454911139534e-06	pos	0.00011926743067359766	Glycine, serine and threonine metabolism PAO1	225.0
0.000403799248136003	pos	0.018776665038324137	Phenylalanine metabolism PAO1	225.0
0.001536614935982787	pos	0.04516665123450812	Macrolide resistance, MacAB-TolC transporter	225.0
0.0016998202077503058	pos	0.04516665123450812	Alanine, aspartate and glutamate metabolism PAO1	225.0
0.0010955196515482007	pos	0.040753331037593064	Zinc transport system	225.0
0.00014964359756884868	pos	0.027833709147805853	Arginine biosynthesis PAO1	226.0
5.710498136604641e-09	pos	1.062152653408463e-06	Dipeptide transport system	227.0
3.1818735667809466e-05	pos	0.001183656966842512	Valine, leucine and isoleucine degradation PAO1	227.0
7.881653227793813e-06	pos	0.0003664968750924123	Type VI secretion system	227.0
2.749811569263437e-06	pos	0.0002557324759414996	Glycine, serine and threonine metabolism PAO1	227.0
0.0005527317536373956	pos	0.012851013272069448	Cationic antimicrobial peptide (CAMP) resistance PAO1	227.0
6.8620424797057e-05	pos	0.002127233168708767	Histidine metabolism PAO1	227.0
6.870570214871381e-06	pos	0.0003664968750924123	Aminobenzoate degradation PAO1	227.0
9.673676082145094e-05	pos	0.0025704339303985533	Benzoate degradation PAO1	227.0
2.1003014229553792e-13	pos	3.906560646697005e-11	Cationic antimicrobial peptide (CAMP) resistance PAO1	228.0
1.0266680608110928e-07	pos	9.548012965543162e-06	Phospholipid transport system	228.0
1.8968953870086359e-07	pos	3.528225419836062e-05	Cytochrome c oxidase, cbb3-type	229.0
0.0008748739015156432	pos	0.04068163642047741	Dipeptide transport system	229.0
0.0002701515917285654	pos	0.02512409803075658	Valine, leucine and isoleucine degradation PAO1	229.0
0.00044350776543686536	pos	0.027497481457085655	Tyrosine metabolism PAO1	229.0
0.00026218533439857194	pos	0.008127745366355731	Type II general secretion pathway	230.0
0.0004530067937617792	pos	0.01203703766281299	Valine, leucine and isoleucine degradation PAO1	230.0
2.9723876815326888e-08	pos	3.094767602384743e-06	Biosynthesis of siderophore group nonribosomal peptides PAO1	230.0
0.00019153807735406195	pos	0.007125216477571104	Quorum sensing PAO1	230.0
3.3277070993384335e-08	pos	3.094767602384743e-06	Porphyrin and chlorophyll metabolism PAO1	230.0
1.0979408329852522e-07	pos	6.807233164508564e-06	Urea transport system	230.0
2.4890361694537226e-05	pos	0.0011574018187959808	Pentose phosphate pathway PAO1	230.0
0.0016664148193842982	pos	0.03874414455068493	Vanadium resistance, efflux pump MexGHI-OpmD	230.0
5.712904429902095e-08	pos	1.0626002239617896e-05	Biosynthesis of siderophore group nonribosomal peptides PAO1	231.0
1.8674719634477976e-05	pos	0.0017367489260064516	Peptidoglycan biosynthesis PAO1	231.0
0.0016080763332509947	pos	0.04985036633078083	Cytochrome c oxidase, cbb3-type	232.0
1.3324393664068133e-07	pos	8.261124071722242e-06	Flagellar assembly PAO1	232.0
0.0002236524880916962	pos	0.0083198725570111	Type VI secretion system	232.0
6.406794116628691e-05	pos	0.002979159264232341	Ribosome, bacteria	232.0
2.6701411992774476e-08	pos	2.483231315328026e-06	Lysine degradation PAO1	232.0
1.0539910447175956e-09	pos	1.9604233431747276e-07	Bacterial chemotaxis PAO1	232.0
4.2744309390501695e-14	pos	7.950441546633315e-12	Citrate cycle (TCA cycle) PAO1	233.0
0.0003495901143937692	pos	0.02167458709241369	Pyruvate metabolism PAO1	233.0
3.436016063720733e-06	pos	0.00031954949392602814	Propanoate metabolism PAO1	233.0
1.0322575522776998e-06	pos	6.399996824121738e-05	Arginine biosynthesis PAO1	234.0
7.697838781910987e-21	pos	1.4317980134354437e-18	Valine, leucine and isoleucine degradation PAO1	234.0
3.474722677414971e-10	pos	3.231492089995923e-08	Methane metabolism PAO1	234.0
0.0008447058555173091	pos	0.026185881521036583	beta-Alanine metabolism PAO1	234.0
0.0016332261992876996	pos	0.04339715329535888	Aminobenzoate degradation PAO1	234.0
0.00017044796010598723	pos	0.006340664115942725	Propanoate metabolism PAO1	234.0
3.7326108018187976e-05	pos	0.0017356640228457408	Tyrosine metabolism PAO1	234.0
1.377065607327946e-11	pos	1.2806710148149896e-09	2-Oxocarboxylic acid metabolism PAO1	237.0
3.0819460456019544e-20	pos	5.7324196448196344e-18	Flagellar assembly PAO1	237.0
7.701825532715036e-11	pos	4.7751318302833225e-09	Type VI secretion system	237.0
0.00018517493839003744	pos	0.005740423090091161	Nitrogen metabolism PAO1	237.0
2.7321105875072257e-07	pos	1.2704314231908598e-05	Phosphate transport system	237.0
2.4749984611775738e-05	pos	0.0009206994275580574	Bacterial chemotaxis PAO1	237.0
0.0009378580107789822	pos	0.02492022714355581	Phosphonate and phosphinate metabolism PAO1	237.0
1.3874514961668225e-25	pos	2.5806597828702897e-23	Ribosome, bacteria	240.0
8.750334591009245e-07	pos	8.137811169638598e-05	Ribosome PAO1	240.0
0.0005652983980853709	pos	0.035048500681293	Purine metabolism PAO1	240.0
7.796126333326141e-05	pos	0.005724863746026617	Flagellar assembly PAO1	241.0
0.0008201012438344282	pos	0.030507766270640727	Amino sugar and nucleotide sugar metabolism PAO1	241.0
1.2029337499779449e-05	pos	0.0022374567749589773	Oxidative phosphorylation PAO1	241.0
0.0011623179023212576	pos	0.03603185497195899	Quorum sensing PAO1	241.0
0.0001231153493769165	pos	0.005724863746026617	Cyanoamino acid metabolism PAO1	241.0
0.00011375550858398273	pos	0.005724863746026617	Pentose phosphate pathway PAO1	241.0
0.0014952575626598968	pos	0.03973112952210583	Bacterial chemotaxis PAO1	241.0
7.525871699120385e-11	pos	6.9990606801819576e-09	Starch and sucrose metabolism PAO1	242.0
1.2006220138210117e-14	pos	2.2331569457070817e-12	Valine, leucine and isoleucine degradation PAO1	242.0
1.706244602729085e-06	pos	0.0003173614961076098	Ribosome, bacteria	243.0
0.00020490868161242458	pos	0.03811301477991097	Type II general secretion pathway	244.0
5.185934536252467e-08	pos	3.2152794124765295e-06	RNA degradation PAO1	245.0
0.0004502911133277284	pos	0.02093853676973937	Arginine/ornithine transport system	245.0
3.25513281016476e-09	pos	3.0272735134532266e-07	Arginine and proline metabolism PAO1	245.0
6.65712804492738e-12	pos	1.2382258163564927e-09	Alanine, aspartate and glutamate metabolism PAO1	245.0
4.877270431485068e-20	pos	9.071723002562225e-18	Valine, leucine and isoleucine degradation PAO1	246.0
9.823959313127095e-05	pos	0.006090854774138799	Glyoxylate and dicarboxylate metabolism PAO1	246.0
1.3932109074256188e-07	pos	1.2956861439058254e-05	Tyrosine metabolism PAO1	246.0
3.1386176832019163e-06	pos	0.0005837828890755564	Ribosome, bacteria	247.0
1.01141696461359e-05	pos	0.000887508354277035	Glyoxylate and dicarboxylate metabolism PAO1	247.0
1.4314650875436048e-05	pos	0.000887508354277035	Propanoate metabolism PAO1	247.0
0.0009317723862365528	pos	0.03466193276799977	Cysteine and methionine metabolism PAO1	247.0
2.764302301513661e-05	pos	0.0012854005702038524	Tyrosine metabolism PAO1	247.0
8.892116978926194e-05	pos	0.005513112526934241	Flagellar assembly PAO1	248.0
0.00021477221596505016	pos	0.009986908042374832	Pentose phosphate pathway PAO1	248.0
3.920608826303088e-10	pos	7.292332416923743e-08	Bacterial chemotaxis PAO1	248.0
5.118964099955609e-05	pos	0.004760636612958715	Arginine biosynthesis PAO1	248.0
2.598707847824012e-09	pos	4.833596596952661e-07	2-Oxocarboxylic acid metabolism PAO1	250.0
8.931792766073352e-05	pos	0.008306567272448218	Cationic antimicrobial peptide (CAMP) resistance, arnBCADTEF operon	250.0
3.99091273727944e-06	pos	0.00018557744228349393	Biotin metabolism PAO1	251.0
0.0001079287606996813	pos	0.0033457915816901204	Fatty acid metabolism PAO1	251.0
1.90614703261754e-11	pos	3.5454334806686238e-09	Ribosome, bacteria	251.0
1.7712929298345946e-07	pos	1.0982016164974488e-05	Peptidoglycan biosynthesis PAO1	251.0
4.2667184090012e-05	pos	0.0015872192481484464	Iron complex transport system	251.0
0.0017696932490266586	pos	0.04702327775985121	Zinc transport system	251.0
9.331556012058227e-09	pos	8.67834709121415e-07	Fatty acid biosynthesis PAO1	251.0
0.0003022806926656675	pos	0.014056052208953536	Fructose and mannose metabolism PAO1	252.0
1.3682126375994532e-05	pos	0.0012724377529674915	Glutamate/aspartate transport system	252.0
0.00048755085133181045	pos	0.015114076391286124	Phenylalanine metabolism PAO1	252.0
2.2505015433721665e-06	pos	0.00041859328706722295	Methane metabolism PAO1	252.0
7.156016142813982e-05	pos	0.004436730008544669	Alanine, aspartate and glutamate metabolism PAO1	252.0
0.00048755085133181045	pos	0.015114076391286124	Tyrosine metabolism PAO1	252.0
0.00036919210783391927	pos	0.022889910685702994	Valine, leucine and isoleucine degradation PAO1	253.0
5.128433277739725e-10	pos	9.538885896595888e-08	Type VI secretion system	253.0
6.592317255262735e-05	pos	0.006130855047394343	Tyrosine metabolism PAO1	253.0
8.152704373895296e-12	pos	1.5164030135445248e-09	Propanoate metabolism PAO1	254.0
5.066010023910518e-08	pos	4.711389322236782e-06	Dipeptide transport system	255.0
0.001989745159569424	pos	0.041121399964434764	Phenazine biosynthesis PAO1	255.0
1.3564163370141223e-19	pos	2.5229343868462672e-17	Valine, leucine and isoleucine degradation PAO1	255.0
0.000824974752599709	pos	0.019180662997943233	Glutamate/aspartate transport system	255.0
1.0717017473406186e-06	pos	3.986730500107101e-05	Quorum sensing PAO1	255.0
0.00023650146537777166	pos	0.006284181794323647	Putrescine transport system	255.0
2.5360024694854237e-07	pos	1.5723215310809626e-05	Arginine and proline metabolism PAO1	255.0
3.590079231928758e-05	pos	0.0011129245618979149	Tyrosine metabolism PAO1	255.0
9.916083030221172e-07	pos	3.986730500107101e-05	Arginine biosynthesis PAO1	255.0
2.201404471707348e-05	pos	0.0010236530793439167	Citrate cycle (TCA cycle) PAO1	256.0
1.720845178235377e-11	pos	3.200772031517801e-09	Valine, leucine and isoleucine degradation PAO1	256.0
5.7978716551602715e-06	pos	0.0005392020639299052	Oxidative phosphorylation PAO1	256.0
0.0006206224134570955	pos	0.01923929481716996	Quorum sensing PAO1	256.0
0.0017897646348660659	pos	0.0475566031550126	Aminobenzoate degradation PAO1	256.0
1.474620693291693e-05	pos	0.0009142648298408497	Pyrimidine metabolism PAO1	256.0
0.00011028730638652368	pos	0.004102687797578681	Benzoate degradation PAO1	256.0
9.14963425739504e-05	pos	0.01701831971875477	Multidrug resistance, efflux pump TriABC-TolC	257.0
3.3084587028706466e-12	pos	6.153733187339402e-10	Type VI secretion system	258.0
0.00022358188000895298	pos	0.013862076560555086	Quorum sensing PAO1	258.0
0.0007565559998375748	pos	0.035179853992447226	Phenylalanine metabolism PAO1	258.0
9.2239577972535e-08	pos	8.578280751445754e-06	Peptidoglycan biosynthesis PAO1	258.0
0.0005466956821801944	pos	0.017640016231365862	Valine, leucine and isoleucine degradation PAO1	259.0
0.0005690327816569632	pos	0.017640016231365862	Type VI secretion system	259.0
0.00013462786448798034	pos	0.0062601956986910855	Quorum sensing PAO1	259.0
9.370989264490041e-05	pos	0.005810013343983826	Cyanoamino acid metabolism PAO1	259.0
5.8071331084703335e-08	pos	1.080126758175482e-05	Nitrogen metabolism PAO1	259.0
1.8674719634477976e-05	pos	0.0017367489260064516	Glycolysis / Gluconeogenesis PAO1	259.0
0.0001070800179080534	pos	0.006638961110299311	Homologous recombination PAO1	260.0
2.9447242690452598e-05	pos	0.002738593570212091	Oxidative phosphorylation PAO1	260.0
0.0008779660549811478	pos	0.027216947704415583	Lipopolysaccharide biosynthesis PAO1	260.0
3.418243633453582e-12	pos	6.357933158223662e-10	Ribosome, bacteria	260.0
0.0003371812267704423	pos	0.012543141635860454	Propanoate metabolism PAO1	260.0
0.00016984981343960072	pos	0.007898016324941432	Purine metabolism PAO1	260.0
7.737457283293222e-16	pos	1.439167054692539e-13	Valine, leucine and isoleucine degradation PAO1	261.0
6.764455734108962e-09	pos	6.290943832721335e-07	Cationic antimicrobial peptide (CAMP) resistance PAO1	261.0
0.00013060974885154228	pos	0.004858682657277373	Quorum sensing PAO1	261.0
0.001536614935982787	pos	0.035726297261599795	Methane metabolism PAO1	261.0
4.285465598286512e-05	pos	0.001992741503203228	Histidine metabolism PAO1	261.0
0.001536614935982787	pos	0.035726297261599795	Vanadium resistance, efflux pump MexGHI-OpmD	261.0
1.2416871191140575e-08	pos	7.698460138507156e-07	Benzoate degradation PAO1	261.0
0.001536614935982787	pos	0.035726297261599795	Degradation of aromatic compounds PAO1	261.0
1.2966432715343421e-13	pos	2.411756485053876e-11	Phenazine biosynthesis PAO1	262.0
5.56802704344235e-07	pos	3.4521767669342574e-05	Citrate cycle (TCA cycle) PAO1	264.0
3.7086608965212186e-07	pos	3.449054633764733e-05	Type VI secretion system	264.0
9.668472039928622e-08	pos	1.7983357994267237e-05	Tyrosine metabolism PAO1	264.0
6.732683233019583e-08	pos	6.261395406708211e-06	Arginine biosynthesis PAO1	265.0
4.6171773628802174e-11	pos	8.587949894957204e-09	Pentose phosphate pathway PAO1	265.0
2.559301949940132e-06	pos	0.0004760301626888645	Arginine biosynthesis PAO1	266.0
9.924366562548894e-05	pos	0.009229660903170471	Biosynthesis of siderophore group nonribosomal peptides PAO1	266.0
0.000703997216256124	pos	0.03273587055590976	Glycerolipid metabolism PAO1	266.0
0.0003885218087925609	pos	0.024088352145138776	Pentose phosphate pathway PAO1	266.0
0.00020199550392626655	pos	0.03757116373028557	Multidrug resistance, efflux pump TriABC-TolC	268.0
0.00029813551588732883	pos	0.015298700773974942	Multidrug resistance, efflux pump MexPQ-OpmE	269.0
2.2034753711906697e-25	pos	4.0984641904146455e-23	Type VI secretion system	269.0
0.0003116207727289319	pos	0.015298700773974942	Fatty acid metabolism PAO1	269.0
0.00032900431771989123	pos	0.015298700773974942	Bacterial chemotaxis PAO1	269.0
0.000564100000395907	pos	0.026230650018409674	Streptomycin biosynthesis PAO1	270.0
7.160814392892197e-15	pos	1.3319114770779486e-12	Ribosome, bacteria	270.0
0.00037551194302868615	pos	0.02328174046777854	Ribosome PAO1	270.0
2.37354415840458e-10	pos	2.207396067316259e-08	Glycolysis / Gluconeogenesis PAO1	270.0
5.455493136752729e-26	pos	1.0147217234360075e-23	Type III secretion system	272.0
3.695057215711128e-12	pos	6.872806421222698e-10	Phenazine biosynthesis PAO1	273.0
0.0009669408386756354	pos	0.035970199198733635	Oxidative phosphorylation PAO1	273.0
2.7409831279903633e-09	pos	2.5491143090310377e-07	Ribosome, bacteria	273.0
0.0003155866616672896	pos	0.014674779767528966	beta-Lactam resistance PAO1	273.0
0.0002078494551386908	pos	0.01288666621859883	Arginine biosynthesis PAO1	273.0
5.397105046647943e-06	pos	0.0005019307693382587	Bacterial chemotaxis PAO1	275.0
7.573908046181079e-07	pos	0.00014087468965896807	Arginine biosynthesis PAO1	275.0
4.826520128265751e-05	pos	0.008977327438574297	Denitrification, nitrate => nitrogen	276.0
0.00023298632389971054	pos	0.043335456245346154	Amino sugar and nucleotide sugar metabolism PAO1	277.0
3.512154299003762e-05	pos	0.0032663034980734986	2-Oxocarboxylic acid metabolism PAO1	278.0
1.0047852994000002e-07	pos	1.8689006568840002e-05	Type III secretion system	278.0
0.00010652501979808671	pos	0.009906826841222063	Multidrug resistance, efflux pump TriABC-TolC	279.0
0.000475446513719399	pos	0.029477683850602742	Peptidoglycan biosynthesis PAO1	279.0
4.559636057466013e-06	pos	0.0008480923066886784	Aminobenzoate degradation PAO1	279.0
3.010900119254568e-11	pos	5.600274221813496e-09	Sulfur metabolism PAO1	280.0
6.675993673593062e-08	pos	3.1043370582207732e-06	Type VI secretion system	280.0
8.506537898232218e-05	pos	0.0031644320981423853	gamma-Hexachlorocyclohexane transport system	280.0
1.3712688160051632e-08	pos	1.2752799988848017e-06	NitT/TauT family transport system	280.0
6.3458426876415e-08	pos	3.1043370582207732e-06	Peptidoglycan biosynthesis PAO1	280.0
1.651483209404284e-19	pos	3.071758769491968e-17	Valine, leucine and isoleucine degradation PAO1	281.0
1.1218170242876028e-16	pos	1.0432898325874705e-14	Type VI secretion system	281.0
0.0009596198985257266	pos	0.04462232528144628	Histidine metabolism PAO1	281.0
6.720045518829971e-05	pos	0.004166428221674582	Tyrosine metabolism PAO1	281.0
0.0008064284049277333	pos	0.03179429778614022	Glycine, serine and threonine metabolism PAO1	282.0
0.0007022065972331541	pos	0.03179429778614022	Oxidative phosphorylation PAO1	282.0
0.0012548108785938458	pos	0.03889913723640922	Cationic antimicrobial peptide (CAMP) resistance PAO1	282.0
0.0008546854243586081	pos	0.03179429778614022	Methane metabolism PAO1	282.0
9.14963425739504e-05	pos	0.01701831971875477	Cyanoamino acid metabolism PAO1	282.0
0.0018431763766476356	pos	0.04285385075705753	Arginine and proline metabolism PAO1	282.0
0.00026028235735593697	pos	0.024206259234102138	Alanine, aspartate and glutamate metabolism PAO1	282.0
0.001580417761857212	pos	0.04199395767220592	Porphyrin and chlorophyll metabolism PAO1	282.0
3.442687948837962e-08	pos	6.403399584838609e-06	Fructose and mannose metabolism PAO1	283.0
3.639391189984879e-14	pos	6.769267613371874e-12	Type VI secretion system	284.0
2.190391415991897e-06	pos	0.0002037064016872464	Pentose phosphate pathway PAO1	284.0
3.214330543426902e-06	pos	0.00019928849369246792	Spermidine/putrescine transport system	285.0
6.670058339843054e-05	pos	0.00310157712802702	F-type ATPase, prokaryotes and chloroplasts	285.0
3.401269283938188e-23	pos	6.32636086812503e-21	Ribosome, bacteria	285.0
7.573534626978529e-07	pos	7.043387203090031e-05	Ribosome PAO1	285.0
1.8465372728668735e-06	pos	0.00034345593275323847	Cationic antimicrobial peptide (CAMP) resistance, arnBCADTEF operon	286.0
1.595006876550333e-10	pos	2.9667127903836192e-08	Dipeptide transport system	287.0
3.714393299592747e-06	pos	0.00017271928843106272	Type VI secretion system	287.0
0.001622563507424271	pos	0.04311383034013063	Ribosome, bacteria	287.0
1.5253060609432135e-06	pos	9.456897577847924e-05	Quorum sensing PAO1	287.0
1.2558513599421875e-06	pos	9.456897577847924e-05	Glyoxylate and dicarboxylate metabolism PAO1	287.0
0.00027759615692955693	pos	0.008605480864816266	Propanoate metabolism PAO1	287.0
3.8818104235302166e-05	pos	0.0014440334775532406	Tyrosine metabolism PAO1	287.0
1.3401845721650263e-12	pos	2.492743304226949e-10	Sulfur metabolism PAO1	288.0
2.1765825740448505e-07	pos	1.0121108969308554e-05	Valine, leucine and isoleucine biosynthesis PAO1	288.0
2.270192629289693e-05	pos	0.0008445116580957658	Glutamate/aspartate transport system	288.0
4.8973048355156544e-12	pos	4.5544934970295584e-10	Porphyrin and chlorophyll metabolism PAO1	288.0
1.4271429293919755e-10	pos	8.848286162230248e-09	Putative polar amino acid transport system	288.0
0.0001988715471649882	pos	0.018495053886343902	Quorum sensing PAO1	289.0
8.58284137905414e-27	pos	1.5964084965040697e-24	Type III secretion system	289.0
2.834445414477611e-07	pos	1.7573561569761188e-05	Biotin metabolism PAO1	290.0
4.783708754708535e-12	pos	8.897698283757874e-10	Type VI secretion system	290.0
0.0004110605749547431	pos	0.015291453388316443	Citrate cycle (TCA cycle) PAO1	290.0
5.316755676981869e-10	pos	4.9445827795931376e-08	Cationic antimicrobial peptide (CAMP) resistance PAO1	290.0
8.698977628932861e-05	pos	0.00404502459745378	Pentose phosphate pathway PAO1	290.0
0.00011783966490605329	pos	0.003653029612087652	Cytochrome c oxidase, cbb3-type	291.0
1.5923693396387344e-16	pos	1.480903485864023e-14	Phenazine biosynthesis PAO1	291.0
3.1159409194569034e-18	pos	5.79565011018984e-16	Valine, leucine and isoleucine degradation PAO1	291.0
1.3682439153182394e-14	pos	8.483112274973084e-13	Type VI secretion system	291.0
1.175864757084003e-07	pos	5.467771120440614e-06	Amino sugar and nucleotide sugar metabolism PAO1	291.0
0.0024120170525165113	pos	0.049848352418674566	Cationic antimicrobial peptide (CAMP) resistance, arnBCADTEF operon	291.0
0.00011783966490605329	pos	0.003653029612087652	Cyanoamino acid metabolism PAO1	291.0
0.0005551262841632054	pos	0.012906686106794525	Alanine, aspartate and glutamate metabolism PAO1	291.0
0.00045414803420677595	pos	0.012067362051780047	Arginine biosynthesis PAO1	291.0
0.001622563507424271	pos	0.0377246015476143	Cytochrome c oxidase, cbb3-type	292.0
1.6869098736259773e-05	pos	0.0031376523649443173	Flagellar assembly PAO1	292.0
6.493764172511417e-05	pos	0.004026133786957079	C5-Branched dibasic acid metabolism PAO1	292.0
0.0012271478634801318	pos	0.032607071801043504	Fatty acid metabolism PAO1	292.0
6.493764172511417e-05	pos	0.004026133786957079	Tryptophan metabolism PAO1	292.0
0.0007491346893869229	pos	0.023223175370994612	beta-Lactam resistance PAO1	292.0
0.00010268576270588575	pos	0.004774887965823687	Glyoxylate and dicarboxylate metabolism PAO1	292.0
0.0006111773653873704	pos	0.022735797992410177	Arginine biosynthesis PAO1	292.0
0.0016959738518905025	pos	0.045064448064519064	Aminoacyl-tRNA biosynthesis, prokaryotes	293.0
0.0007414712658343462	pos	0.045064448064519064	RNA degradation PAO1	293.0
0.0016910253741876692	pos	0.045064448064519064	Oxidative phosphorylation PAO1	293.0
0.0013550065292181898	pos	0.045064448064519064	Lipopolysaccharide biosynthesis PAO1	293.0
0.0013550065292181898	pos	0.045064448064519064	Cationic antimicrobial peptide (CAMP) resistance PAO1	293.0
4.6368300858868736e-09	pos	8.624503959749584e-07	Ribosome, bacteria	293.0
6.940437432488999e-05	pos	0.006454606812214768	Fatty acid biosynthesis PAO1	293.0
0.0026291297703977465	pos	0.0444561942994528	Aminoacyl-tRNA biosynthesis, prokaryotes	294.0
6.531870055463789e-19	pos	4.0497594343875493e-17	Citrate cycle (TCA cycle) PAO1	294.0
1.2069458311537619e-05	pos	0.0004489838491891994	Flagellar assembly PAO1	294.0
4.57696015716961e-26	pos	4.256572946167737e-24	Oxidative phosphorylation PAO1	294.0
8.533400951766484e-27	pos	1.5872125770285659e-24	Ribosome, bacteria	294.0
3.841922243939808e-05	pos	0.0011909958956213404	Quorum sensing PAO1	294.0
0.0006767084415182379	pos	0.013985307791376918	Pentose phosphate pathway PAO1	294.0
0.0017938827479589505	pos	0.03336621911203648	Bacterial chemotaxis PAO1	294.0
0.0004077335189028773	pos	0.009479804314491896	Pyrimidine metabolism PAO1	294.0
6.591419750484998e-12	pos	3.065010183975524e-10	Ribosome PAO1	294.0
0.00013413443753823812	pos	0.003564143626016041	Fatty acid biosynthesis PAO1	294.0
4.755192244596063e-05	pos	0.0029482191916495593	Styrene degradation PAO1	295.0
4.646856592663193e-21	pos	8.643153262353538e-19	Valine, leucine and isoleucine degradation PAO1	295.0
4.0420575729015114e-07	pos	3.759113542798405e-05	Quorum sensing PAO1	295.0
0.0002126830509306086	pos	0.009889761868273299	Glyoxylate and dicarboxylate metabolism PAO1	295.0
0.0013188525690352691	pos	0.04906131556811201	Vanadium resistance, efflux pump MexGHI-OpmD	295.0
8.299068305466867e-05	pos	0.005145422349389458	Branched-chain amino acid transport system	296.0
6.632612087093592e-09	pos	1.233665848199408e-06	Porphyrin and chlorophyll metabolism PAO1	296.0
1.73376931659875e-05	pos	0.0016124054644368374	Glutamate/aspartate transport system	296.0
0.0001778484061668346	pos	0.016539901773515615	Aminoacyl-tRNA biosynthesis, prokaryotes	297.0
1.9012153211298113e-06	pos	0.00035362604973014487	Glycine, serine and threonine metabolism PAO1	297.0
0.00030352289029700135	pos	0.018818419198414083	Riboflavin metabolism PAO1	297.0
0.001441453896720826	pos	0.04338296698610168	Pentose phosphate pathway PAO1	297.0
0.001632692305928558	pos	0.04338296698610168	One carbon pool by folate PAO1	297.0
0.0015801110772202304	pos	0.04338296698610168	Purine metabolism PAO1	297.0
0.00147388613787356	pos	0.04338296698610168	Porphyrin and chlorophyll metabolism PAO1	297.0
4.878790543752469e-26	pos	9.074550411379592e-24	Flagellar assembly PAO1	298.0
2.554071049043872e-15	pos	2.3752860756108006e-13	Bacterial chemotaxis PAO1	298.0
2.329461661878371e-27	pos	4.33279869109377e-25	Sulfur metabolism PAO1	299.0
5.475076588698714e-05	pos	0.0020367284909959217	Biotin metabolism PAO1	299.0
6.611963916346985e-07	pos	4.0994176281351306e-05	Pentose phosphate pathway PAO1	299.0
1.0890862670483183e-07	pos	1.012850228354936e-05	NitT/TauT family transport system	299.0
1.5594241527700353e-05	pos	0.0007251322310380664	Putative polar amino acid transport system	299.0
0.0014926879201018206	pos	0.04627332552315644	D-Methionine transport system	299.0
